Open,High,Low,Close,Volume,Daily Change %,7-Day Volatility,Is Volatile,Percent Change Category,Symbol,Stock Type,Date,Headline,Sentiment
22.32,23.2,22.2734,22.99,5858361,,,False,,GME,Meme,2024-11-05,,
23.31,23.82,22.9,23.1,6648026,0.4784688995215447,,False,Stable,GME,Meme,2024-11-06,,
23.07,23.655,22.81,23.45,5554436,1.5151515151515138,,False,Stable,GME,Meme,2024-11-07,,
23.44,25.3899,23.24,24.88,15908649,6.098081023454149,,False,Spike,GME,Meme,2024-11-08,,
25.26,28.05,24.6271,27.26,26633024,9.565916398713847,,False,Spike,GME,Meme,2024-11-11,,
26.06,27.1,24.95,26.84,18972745,-1.5407190022010298,,False,Stable,GME,Meme,2024-11-12,,
26.26,28.22,26.22,26.46,18490280,-1.4157973174366623,,False,Stable,GME,Meme,2024-11-13,,
27.17,28.28,26.7203,27.37,16502034,3.4391534391534417,4.090929052712011,False,Spike,GME,Meme,2024-11-14,,
28.08,28.59,26.32,26.59,16451823,-2.849835586408478,4.545596528030703,False,Drop,GME,Meme,2024-11-15,,
26.65,27.16,25.85,26.44,8541606,-0.5641218503196654,4.65795137713431,False,Stable,GME,Meme,2024-11-18,,
25.89,27.6,25.71,27.57,8698625,4.273827534039332,4.423782832790528,False,Spike,GME,Meme,2024-11-19,,
27.26,29.8,27.26,28.45,22089651,3.191875226695684,2.891432950122662,False,Spike,GME,Meme,2024-11-20,,
29.09,29.17,27.18,27.82,10587186,-2.214411247803161,2.9860806429749824,False,Drop,GME,Meme,2024-11-21,,
27.88,28.46,27.42,27.9,7975658,0.28756290438531895,2.8660334455272842,False,Stable,GME,Meme,2024-11-22,,
28.05,29.77,27.96,29.67,13090436,6.34408602150538,3.4612368603069905,False,Spike,GME,Meme,2024-11-25,,
29.4,32.12,28.78,30.33,24657344,2.2244691607684386,2.9651012855339616,False,Spike,GME,Meme,2024-11-26,,
30.8,31.55,30.51,30.89,12895064,1.8463567424991778,2.7593574885221557,False,Stable,GME,Meme,2024-11-27,,
31.01,31.08,28.85,29.05,10473673,-5.9566202654580795,3.970326258659817,False,Drop,GME,Meme,2024-11-29,,
28.96,29.365,26.745,27.27,13576632,-6.127366609294327,4.5601487933375,False,Drop,GME,Meme,2024-12-02,,
26.55,27.59,26.4907,27.44,6009926,0.6233956729006396,4.5096171138321886,False,Stable,GME,Meme,2024-12-03,,
27.07,27.83,26.63,27.03,6387537,-1.4941690962099075,4.533767502717651,False,Stable,GME,Meme,2024-12-04,,
27.0,30.87,26.1501,28.63,40704909,5.919348871624108,4.430717758769089,False,Spike,GME,Meme,2024-12-05,,
29.12,29.35,28.11,29.06,15161435,1.5019210618232526,4.3667009826222705,False,Stable,GME,Meme,2024-12-06,,
29.0,29.86,27.74,27.93,11495415,-3.8885065381968342,4.385203290228731,False,Drop,GME,Meme,2024-12-09,,
27.88,28.39,26.85,26.93,18209436,-3.580379520229149,4.047798417238477,False,Drop,GME,Meme,2024-12-10,,
27.75,30.16,27.51,28.97,20484956,7.575194949870023,4.451748039605697,False,Spike,GME,Meme,2024-12-11,,
28.9,29.6592,28.58,28.75,8855674,-0.7594062823610637,4.49913489436002,False,Stable,GME,Meme,2024-12-12,,
28.7,28.86,27.922,27.99,6581586,-2.6434782608695695,4.614323154021919,False,Drop,GME,Meme,2024-12-13,,
27.7,29.59,27.27,29.44,8700033,5.180421579135408,4.478518315396645,False,Spike,GME,Meme,2024-12-16,,
29.635,31.88,29.635,31.26,19948086,6.182065217391308,4.977422703949966,False,Spike,GME,Meme,2024-12-17,,
31.1,31.7,28.34,28.55,13947264,-8.669225847728734,6.006049207752131,True,Drop,GME,Meme,2024-12-18,,
29.155,30.6,28.82,29.0,10338215,1.5761821366024442,5.736757523938047,True,Stable,GME,Meme,2024-12-19,,
28.54,30.52,28.3093,29.82,19606720,2.8275862068965596,5.104000304408509,True,Spike,GME,Meme,2024-12-20,,
29.82,31.11,29.7802,30.9,8226542,3.621730382293764,5.18778916451557,True,Spike,GME,Meme,2024-12-23,,
31.0,31.594,30.58,31.14,5523507,0.7766990291262266,4.924970768621383,False,Stable,GME,Meme,2024-12-24,,
32.62,34.37,31.6,32.99,20510653,5.940912010276178,5.023433451765027,True,Spike,GME,Meme,2024-12-26,,
32.39,33.05,30.73,32.2,10141662,-2.3946650500151545,4.803649860437233,False,Drop,GME,Meme,2024-12-27,,
31.8,32.88,31.61,32.01,9593140,-0.5900621118012594,2.7636162848515458,False,Stable,GME,Meme,2024-12-30,,
32.06,32.44,31.1,31.34,7395297,-2.093095907528897,3.11249784878583,False,Drop,GME,Meme,2024-12-31,,
31.84,32.05,30.3701,30.66,7979732,-2.169751116783658,3.2357512598505505,False,Drop,GME,Meme,2025-01-02,,
30.8,32.14,30.5659,31.65,7461759,3.228962818003911,3.1742375758588213,False,Spike,GME,Meme,2025-01-03,,
31.7,33.49,30.76,32.82,12609406,3.696682464454981,3.416800100752601,False,Spike,GME,Meme,2025-01-06,,
32.8,34.4,31.71,33.37,13360663,1.675807434491161,2.639747518494888,False,Stable,GME,Meme,2025-01-07,,
32.97,33.37,32.41,32.96,6319956,-1.228648486664663,2.4812459570964776,False,Stable,GME,Meme,2025-01-08,,
32.5,32.94,31.4,32.31,7068203,-1.9720873786407744,2.620515370329867,False,Stable,GME,Meme,2025-01-10,,
31.6,31.7999,30.9,31.02,5566985,-3.9925719591457853,2.9682847386064948,False,Drop,GME,Meme,2025-01-13,,
31.26,31.6799,27.5601,27.88,11796595,-10.12250161186331,4.827970499325318,False,Drop,GME,Meme,2025-01-14,,
28.9,29.33,27.84,27.96,6025350,0.2869440459110528,4.489809730435195,False,Stable,GME,Meme,2025-01-15,,
27.94,28.14,27.41,27.72,4431995,-0.8583690987124526,3.870562023199323,False,Stable,GME,Meme,2025-01-16,,
27.61,28.7899,27.02,27.51,8977526,-0.7575757575757458,3.5481486355470837,False,Stable,GME,Meme,2025-01-17,,
27.4,27.57,26.33,27.47,5867780,-0.1454016721192386,3.643501905965112,False,Stable,GME,Meme,2025-01-21,,
27.36,28.016,27.3,27.65,5025385,0.655260283946113,3.8381351784955107,False,Stable,GME,Meme,2025-01-22,,
27.88,29.26,27.68,28.33,8828170,2.4593128390596686,4.084080046546041,False,Spike,GME,Meme,2025-01-23,,
28.3,28.67,27.62,27.77,4511646,-1.9767031415460545,1.4013659347877294,False,Stable,GME,Meme,2025-01-24,,
26.92,27.6796,26.8,26.97,5060256,-2.8808066258552367,1.7445898370007444,False,Drop,GME,Meme,2025-01-27,,
27.0,27.59,26.6539,27.46,3169854,1.8168335187245255,1.9357056486019786,False,Stable,GME,Meme,2025-01-28,,
27.41,27.74,27.06,27.51,3220404,0.18208302986162384,1.9164820602703603,False,Stable,GME,Meme,2025-01-29,,
27.84,28.23,27.7125,27.99,3343948,1.74482006543073,2.0203356710522304,False,Stable,GME,Meme,2025-01-30,,
27.79,28.18,26.9,26.9,4544033,-3.8942479456948953,2.545264769088547,False,Drop,GME,Meme,2025-01-31,,
25.57,26.54,25.5,25.89,5740535,-3.75464684014869,2.4791861781002686,False,Drop,GME,Meme,2025-02-03,,
25.85,26.25,25.8,25.9,3353742,0.03862495171880198,2.4979229604891673,False,Stable,GME,Meme,2025-02-04,,
25.7,25.809,24.9,24.93,4580218,-3.7451737451737355,2.626528905899209,False,Drop,GME,Meme,2025-02-05,,
24.93,25.39,24.53,24.8,4349516,-0.5214600882470832,2.3272521073432193,False,Stable,GME,Meme,2025-02-06,,
24.9,25.02,24.6,24.73,3403304,-0.28225806451612767,2.2800684321531945,False,Stable,GME,Meme,2025-02-07,,
25.5,27.27,25.3,27.12,9694662,9.664375252729474,4.763628875953642,False,Spike,GME,Meme,2025-02-10,,
26.85,27.76,26.47,26.56,7042658,-2.064896755162249,4.583984280521348,False,Drop,GME,Meme,2025-02-11,,
26.12,26.4,25.6,25.99,3999243,-2.1460843373493965,4.406850051837709,False,Drop,GME,Meme,2025-02-12,,
25.75,26.4,25.75,26.34,8255330,1.346671796844956,4.429768578073338,False,Stable,GME,Meme,2025-02-13,,
28.9,28.97,26.9,27.0,12142612,2.505694760820054,4.09037197446178,False,Spike,GME,Meme,2025-02-14,,
27.03,27.59,26.6608,26.97,5337801,-0.11111111111111738,4.064201970286241,False,Stable,GME,Meme,2025-02-18,,
26.8,26.96,25.92,26.0,4382120,-3.596588802373002,4.450328745328866,False,Drop,GME,Meme,2025-02-19,,
25.8,27.45,25.76,27.04,7735228,4.0000000000000036,2.7661247326131524,False,Spike,GME,Meme,2025-02-20,,
27.25,27.58,26.1553,26.42,6130903,-2.2928994082840104,2.795547617308181,False,Drop,GME,Meme,2025-02-21,,
26.34,26.385,24.95,25.0,5980021,-5.374716124148382,3.4012685095098365,False,Drop,GME,Meme,2025-02-24,,
24.93,25.29,23.83,24.42,6551451,-2.3199999999999887,3.350852779423824,False,Drop,GME,Meme,2025-02-25,,
24.54,25.21,24.45,24.61,3272498,0.7780507780507762,3.101635653605898,False,Stable,GME,Meme,2025-02-26,,
25.0,25.37,24.14,24.48,4589982,-0.5282405526208844,3.0795004973316957,False,Stable,GME,Meme,2025-02-27,,
24.33,25.0965,24.2,25.04,4137068,2.287581699346397,3.160807245896525,False,Spike,GME,Meme,2025-02-28,,
25.26,25.48,24.18,24.4,4290981,-2.5559105431309903,2.512443204525559,False,Drop,GME,Meme,2025-03-03,,
23.77,24.86,23.44,24.3,5068726,-0.4098360655737654,2.505384974552993,False,Stable,GME,Meme,2025-03-04,,
24.33,25.16,24.11,25.07,3282452,3.1687242798353887,2.1685649871735944,False,Spike,GME,Meme,2025-03-05,,
24.74,25.01,24.05,24.2,3421446,-3.4702832070203415,2.4092060924462495,False,Drop,GME,Meme,2025-03-06,,
24.0,24.35,23.52,24.0,3463954,-0.8264462809917328,2.3874989983777186,False,Stable,GME,Meme,2025-03-07,,
23.44,23.58,22.26,22.42,6080555,-6.58333333333333,3.3661506365152705,False,Drop,GME,Meme,2025-03-10,,
22.35,22.98,22.0825,22.61,4226922,0.8474576271186418,3.1549621393218215,False,Stable,GME,Meme,2025-03-11,,
22.945,23.24,21.89,21.99,3718208,-2.7421494913755007,3.1670549192852575,False,Drop,GME,Meme,2025-03-12,,
22.05,22.25,21.56,21.95,3829828,-0.18190086402910532,3.180445413136786,False,Stable,GME,Meme,2025-03-13,,
22.29,23.15,22.29,23.05,3960539,5.011389521640108,3.661344447994734,False,Spike,GME,Meme,2025-03-14,,
23.24,23.73,22.97,23.5,2899087,1.9522776572667988,3.6585564467804885,False,Stable,GME,Meme,2025-03-17,,
23.29,23.62,23.14,23.3,2155842,-0.8510638297872353,3.6590909070362763,False,Stable,GME,Meme,2025-03-18,,
23.4,23.99,23.26,23.71,3032256,1.7596566523605084,2.456902973669568,False,Stable,GME,Meme,2025-03-19,,
23.65,24.12,23.51,23.51,1998220,-0.8435259384226068,2.536506902452857,False,Stable,GME,Meme,2025-03-20,,
23.75,24.81,23.65,24.75,6893871,5.274351339855365,2.592312474075989,False,Spike,GME,Meme,2025-03-21,,
25.35,25.83,25.15,25.61,5036047,3.474747474747475,2.5095631634158555,False,Spike,GME,Meme,2025-03-24,,
25.7,25.77,24.9901,25.4,10106783,-0.8199921905505669,2.407472299708736,False,Stable,GME,Meme,2025-03-25,,
28.84,29.8,27.32,28.36,53312955,11.653543307086611,4.578114761582303,False,Spike,GME,Meme,2025-03-26,,
25.865,26.28,21.16,22.09,96733093,-22.108603667136805,10.556184411133176,True,Drop,GME,Meme,2025-03-27,GameStop slumps as its plan to sell debt to fund bitcoin purchases raises some questions,0.0
25.865,26.28,21.16,22.09,96733093,-22.108603667136805,10.556184411133176,True,Drop,GME,Meme,2025-03-27,GameStop Just Went Full Crypto--And Wall Street Is Panicking,0.35
25.865,26.28,21.16,22.09,96733093,-22.108603667136805,10.556184411133176,True,Drop,GME,Meme,2025-03-27,Why GameStop (GME) Shares Are Getting Obliterated Today,0.0
25.865,26.28,21.16,22.09,96733093,-22.108603667136805,10.556184411133176,True,Drop,GME,Meme,2025-03-27,GameStop Tumbles 25% Following Bitcoin Convertible Bond Plan. What's Happening?,0.0
25.865,26.28,21.16,22.09,96733093,-22.108603667136805,10.556184411133176,True,Drop,GME,Meme,2025-03-27,GameStop Sinks on Plan to Borrow $1.3 Billion to Buy Bitcoin,-0.1
25.865,26.28,21.16,22.09,96733093,-22.108603667136805,10.556184411133176,True,Drop,GME,Meme,2025-03-27,GameStop stock slides 23% after announcing strategy shift and plans to buy $1.3 billion worth of Bitcoin,0.3
21.89,22.79,21.7,21.73,44771676,-1.6296966953372571,10.52740599781208,True,Stable,GME,Meme,2025-03-28,GameStop Falls 22% After Bitcoin Announcement and Spike in Short Selling,0.0
21.89,22.79,21.7,21.73,44771676,-1.6296966953372571,10.52740599781208,True,Stable,GME,Meme,2025-03-28,'Staggeringly bad judgment' for Bitcoin? Here's what you missed this week,-0.6999999999999998
21.89,22.79,21.7,21.73,44771676,-1.6296966953372571,10.52740599781208,True,Stable,GME,Meme,2025-03-28,Is GameStop the next Forever 21? Or MicroStrategy? Or Robinhood?,0.0
21.89,22.79,21.7,21.73,44771676,-1.6296966953372571,10.52740599781208,True,Stable,GME,Meme,2025-03-28,Bitcoin eyes $250K but only if it tops all-time highs,0.0
21.89,22.79,21.7,21.73,44771676,-1.6296966953372571,10.52740599781208,True,Stable,GME,Meme,2025-03-28,"The Weekly Closeout: GameStop pays for CEO’s security, layoffs at Mattel",0.0
21.89,22.79,21.7,21.73,44771676,-1.6296966953372571,10.52740599781208,True,Stable,GME,Meme,2025-03-28,Why GameStop Corp. (GME) Went Down On Thursday?,-0.15555555555555559
21.89,22.79,21.7,21.73,44771676,-1.6296966953372571,10.52740599781208,True,Stable,GME,Meme,2025-03-28,GameStop Prices Bitcoin Notes at $29.85,0.0
21.4,22.63,20.7301,22.32,16147925,2.7151403589507517,10.605752582155494,True,Spike,GME,Meme,2025-03-31,Newsmax Draws Retail Trader Wave With 735% Surge in Debut,0.0
21.4,22.63,20.7301,22.32,16147925,2.7151403589507517,10.605752582155494,True,Spike,GME,Meme,2025-03-31,Why meme stocks like GameStop could cause you headaches,0.0
21.4,22.63,20.7301,22.32,16147925,2.7151403589507517,10.605752582155494,True,Spike,GME,Meme,2025-03-31,GameStop Corp. (GME) is Attracting Investor Attention: Here is What You Should Know,0.0
21.4,22.63,20.7301,22.32,16147925,2.7151403589507517,10.605752582155494,True,Spike,GME,Meme,2025-03-31,GameStop investors may teach us all something,0.0
22.755,23.245,21.95,22.61,14435333,1.2992831541218663,10.3671591749081,True,Stable,GME,Meme,2025-04-01,GameStop Has $1.5B of Bitcoin Buying Power After Closing Convertible Note Sale,0.0
22.755,23.245,21.95,22.61,14435333,1.2992831541218663,10.3671591749081,True,Stable,GME,Meme,2025-04-01,2 Gaming Stocks Poised for Growth Despite Industry Challenges,0.0
4.33,4.45,4.31,4.39,6122299,,,False,,AMC,Meme,2024-11-05,,
4.485,4.8,4.43,4.58,24378971,4.328018223234631,,False,Spike,AMC,Meme,2024-11-06,,
4.45,4.47,4.23,4.3,16198187,-6.113537117903933,,False,Drop,AMC,Meme,2024-11-07,,
4.29,4.3,4.17,4.27,12998569,-0.6976744186046546,,False,Stable,AMC,Meme,2024-11-08,,
4.3,4.65,4.25,4.49,25731563,5.152224824355978,,False,Spike,AMC,Meme,2024-11-11,,
4.44,4.67,4.3,4.56,19585553,1.5590200445434244,,False,Stable,AMC,Meme,2024-11-12,,
4.54,4.87,4.53,4.56,20294655,0.0,,False,Stable,AMC,Meme,2024-11-13,,
4.63,4.785,4.54,4.57,11358392,0.21929824561404132,3.7146629109331446,False,Stable,AMC,Meme,2024-11-14,,
4.58,4.675,4.45,4.48,8892255,-1.969365426695835,3.422367486300327,False,Stable,AMC,Meme,2024-11-15,,
4.45,4.47,4.34,4.36,8117094,-2.67857142857143,2.588599753946824,False,Drop,AMC,Meme,2024-11-18,,
4.34,4.35,4.26,4.34,9523460,-0.4587155963302836,2.575926876339421,False,Stable,AMC,Meme,2024-11-19,,
4.3,4.57,4.28,4.44,12564166,2.3041474654378113,1.7748917640294661,False,Spike,AMC,Meme,2024-11-20,,
4.46,4.53,4.4,4.49,7842489,1.1261261261261257,1.7119975999146282,False,Stable,AMC,Meme,2024-11-21,,
4.48,4.62,4.4307,4.55,11997236,1.3363028953229383,1.8107334577102225,False,Stable,AMC,Meme,2024-11-22,,
4.69,4.95,4.685,4.86,31663669,6.813186813186833,3.163862620133725,False,Spike,AMC,Meme,2024-11-25,,
4.87,5.01,4.711,4.8,21620444,-1.2345679012345734,3.062401195619667,False,Stable,AMC,Meme,2024-11-26,,
4.86,5.0,4.85,4.97,15100747,3.541666666666665,2.6864212172443795,False,Spike,AMC,Meme,2024-11-27,,
5.0,5.09,4.91,4.95,9863005,-0.4024144869215207,2.6781900836562205,False,Stable,AMC,Meme,2024-11-29,,
5.02,5.19,4.94,5.04,17700039,1.8181818181818077,2.673058308500696,False,Stable,AMC,Meme,2024-12-02,,
4.95,4.99,4.77,4.86,10560359,-3.57142857142857,3.382601998489738,False,Drop,AMC,Meme,2024-12-03,,
4.84,4.95,4.8,4.91,7355552,1.0288065843621297,3.3823190892750246,False,Stable,AMC,Meme,2024-12-04,,
4.89,5.56,4.83,5.2,48635306,5.906313645621175,3.1373870046551544,False,Spike,AMC,Meme,2024-12-05,,
4.83,4.88,4.61,4.73,37389521,-9.03846153846153,4.93844591112963,False,Drop,AMC,Meme,2024-12-06,,
4.69,4.76,4.49,4.51,16633381,-4.651162790697683,4.901553030874863,False,Drop,AMC,Meme,2024-12-09,,
4.53,4.56,4.35,4.45,19291472,-1.3303769401330268,4.886612845814104,False,Stable,AMC,Meme,2024-12-10,,
4.42,4.46,4.33,4.35,14759672,-2.2471910112359716,4.676708701083785,False,Drop,AMC,Meme,2024-12-11,,
4.36,4.47,4.28,4.31,19337810,-0.919540229885063,4.634110320768719,False,Stable,AMC,Meme,2024-12-12,,
4.3,4.32,4.16,4.18,18338910,-3.0162412993039456,4.500886003726683,False,Drop,AMC,Meme,2024-12-13,,
4.15,4.15,3.93,4.06,25674611,-2.8708133971291905,2.754972667909167,False,Drop,AMC,Meme,2024-12-16,,
4.08,4.35,4.02,4.25,19878296,4.679802955665036,2.978224485914387,False,Spike,AMC,Meme,2024-12-17,,
4.27,4.39,4.015,4.05,19250023,-4.705882352941182,2.9879929800321183,False,Drop,AMC,Meme,2024-12-18,,
4.12,4.15,3.98,4.09,13516304,0.9876543209876631,3.133188163917994,False,Stable,AMC,Meme,2024-12-19,,
4.08,4.21,4.04,4.18,23155078,2.2004889975550057,3.320412060340531,False,Spike,AMC,Meme,2024-12-20,,
4.14,4.19,4.06,4.12,13691447,-1.4354066985645786,3.336426976493205,False,Stable,AMC,Meme,2024-12-23,,
4.12,4.13,4.05,4.06,5860494,-1.456310679611661,3.196879700947063,False,Stable,AMC,Meme,2024-12-24,,
4.06,4.15,4.02,4.05,11415812,-0.24630541871920597,3.002923971922327,False,Stable,AMC,Meme,2024-12-26,,
4.02,4.03,3.96,4.0,10586740,-1.2345679012345623,2.1898413131148184,False,Stable,AMC,Meme,2024-12-27,,
3.97,4.01,3.87,3.97,11218305,-0.7499999999999951,1.391137815172142,False,Stable,AMC,Meme,2024-12-30,,
3.97,4.0,3.87,3.98,10055866,0.25188916876572875,1.3048359415401884,False,Stable,AMC,Meme,2024-12-31,,
4.0,4.06,3.95,4.02,8163373,1.0050251256281229,0.9369544593316822,False,Stable,AMC,Meme,2025-01-02,,
4.02,4.065,3.95,4.02,9686153,0.0,0.8658275721709886,False,Stable,AMC,Meme,2025-01-03,,
4.05,4.12,3.9912,4.06,11350944,0.995024875621886,0.8377409132025826,False,Stable,AMC,Meme,2025-01-06,,
4.07,4.13,4.02,4.07,12002279,0.24630541871923928,0.8339891687689444,False,Stable,AMC,Meme,2025-01-07,,
4.03,4.03,3.925,3.95,8847781,-2.9484029484029506,1.3646779767276722,False,Drop,AMC,Meme,2025-01-08,,
3.9,3.92,3.72,3.8,10200844,-3.797468354430389,1.9433919774285482,False,Drop,AMC,Meme,2025-01-10,,
3.76,3.76,3.5,3.51,15174877,-7.631578947368423,3.224704321371662,False,Drop,AMC,Meme,2025-01-13,,
3.56,3.56,3.23,3.24,19684407,-7.692307692307676,3.642398714892508,False,Drop,AMC,Meme,2025-01-14,,
3.32,3.6,3.21,3.51,23345260,8.333333333333325,5.608293179356705,True,Spike,AMC,Meme,2025-01-15,,
3.51,3.65,3.44,3.58,9519800,1.9943019943019946,5.702772364040729,True,Stable,AMC,Meme,2025-01-16,,
3.63,3.77,3.49,3.5,16280770,-2.2346368715083775,5.642614825929401,True,Drop,AMC,Meme,2025-01-17,,
3.5,3.58,3.46,3.48,8135269,-0.5714285714285672,5.647315487232093,True,Stable,AMC,Meme,2025-01-21,,
3.49,3.55,3.38,3.39,12760298,-2.5862068965517238,5.589059732885651,True,Drop,AMC,Meme,2025-01-22,,
3.37,3.47,3.345,3.41,9897277,0.5899705014749346,4.903725132872665,False,Stable,AMC,Meme,2025-01-23,,
3.42,3.5,3.38,3.42,7541578,0.2932551319648091,3.674864616006713,False,Stable,AMC,Meme,2025-01-24,,
3.39,3.47,3.24,3.25,12032206,-4.970760233918126,2.3495984307220508,False,Drop,AMC,Meme,2025-01-27,,
3.26,3.34,3.22,3.3,7754899,1.538461538461533,2.2549465136137337,False,Stable,AMC,Meme,2025-01-28,,
3.3,3.32,3.16,3.21,9124600,-2.7272727272727226,2.3021974375264778,False,Drop,AMC,Meme,2025-01-29,,
3.25,3.27,3.13,3.14,9927794,-2.180685358255452,2.308741995684101,False,Drop,AMC,Meme,2025-01-30,,
3.12,3.18,3.075,3.11,8658018,-0.9554140127388644,2.2548361196604048,False,Stable,AMC,Meme,2025-01-31,,
3.0,3.15,2.95,3.08,9542582,-0.9646302250803762,2.121569290745144,False,Stable,AMC,Meme,2025-02-03,,
3.11,3.21,3.08,3.16,7883274,2.5974025974025983,2.564825557912144,False,Spike,AMC,Meme,2025-02-04,,
3.18,3.2,3.11,3.13,4851257,-0.9493670886076,1.9216758651384596,False,Stable,AMC,Meme,2025-02-05,,
3.14,3.18,3.08,3.1,4956810,-0.9584664536741117,1.694121189776696,False,Stable,AMC,Meme,2025-02-06,,
3.1,3.12,3.03,3.1,6157851,0.0,1.500160217531923,False,Stable,AMC,Meme,2025-02-07,,
3.12,3.19,3.11,3.17,6629524,2.2580645161290214,1.5998849063974114,False,Spike,AMC,Meme,2025-02-10,,
3.17,3.45,3.16,3.31,15575111,4.416403785488954,2.1698732978307267,False,Spike,AMC,Meme,2025-02-11,,
3.33,3.55,3.3157,3.5,18230193,5.740181268882183,2.632745977070908,False,Spike,AMC,Meme,2025-02-12,,
3.51,3.54,3.38,3.48,13778665,-0.5714285714285672,2.7567475329469495,False,Stable,AMC,Meme,2025-02-13,,
3.49,3.6399,3.49,3.55,10028310,2.011494252873569,2.552300372351787,False,Spike,AMC,Meme,2025-02-14,,
3.59,3.77,3.59,3.7,12923397,4.225352112676073,2.348084107057665,False,Spike,AMC,Meme,2025-02-18,,
3.7,3.73,3.47,3.57,9430282,-3.513513513513522,3.2096756332919565,False,Drop,AMC,Meme,2025-02-19,,
3.54,3.54,3.4214,3.49,7964135,-2.2408963585434094,3.5955400046545685,False,Drop,AMC,Meme,2025-02-20,,
3.53,3.565,3.39,3.43,10778537,-1.7191977077363862,3.494979844279934,False,Stable,AMC,Meme,2025-02-21,,
3.45,3.54,3.3212,3.36,8831809,-2.0408163265306256,2.726316168062696,False,Drop,AMC,Meme,2025-02-24,,
3.38,3.4,3.16,3.27,15535860,-2.678571428571419,2.8429287008999116,False,Drop,AMC,Meme,2025-02-25,"AMC Entertainment (AMC) Reports Q4 Loss, Tops Revenue Estimates",0.0
3.34,3.45,3.225,3.26,10938679,-0.3058103975535187,2.576504567232258,False,Stable,AMC,Meme,2025-02-26,Why AMC Entertainment (AMC) Stock Is Up Today,0.0
3.34,3.45,3.225,3.26,10938679,-0.3058103975535187,2.576504567232258,False,Stable,AMC,Meme,2025-02-26,Q4 2024 AMC Entertainment Holdings Inc Earnings Call,0.0
3.34,3.45,3.225,3.26,10938679,-0.3058103975535187,2.576504567232258,False,Stable,AMC,Meme,2025-02-26,AMC Entertainment Holdings Inc (AMC) Q4 2024 Earnings Call Highlights: Record Revenue and ...,0.0
3.34,3.45,3.225,3.26,10938679,-0.3058103975535187,2.576504567232258,False,Stable,AMC,Meme,2025-02-26,"Compared to Estimates, AMC Entertainment (AMC) Q4 Earnings: A Look at Key Metrics",0.0
3.3,3.395,3.21,3.22,8855612,-1.2269938650306678,1.0284944782838332,False,Stable,AMC,Meme,2025-02-27,,
3.225,3.375,3.15,3.3,10807265,2.4844720496894235,1.758657979907394,False,Spike,AMC,Meme,2025-02-28,,
3.31,3.39,3.0234,3.05,11853188,-7.57575757575758,3.0299296743100825,False,Drop,AMC,Meme,2025-03-03,"AMC Entertainment Holdings, Inc. (AMC) Is a Trending Stock: Facts to Know Before Betting on It",0.0
3.0,3.115,2.95,3.08,8747042,0.9836065573770592,3.2181381281382926,False,Stable,AMC,Meme,2025-03-04,,
3.1,3.14,3.01,3.05,6383848,-0.9740259740259827,3.21240709673884,False,Stable,AMC,Meme,2025-03-05,,
3.0,3.08,2.98,3.01,6771777,-1.3114754098360715,3.1576745830190234,False,Stable,AMC,Meme,2025-03-06,,
2.97,3.08,2.97,3.06,6612133,1.661129568106312,3.326481079082301,False,Stable,AMC,Meme,2025-03-07,,
2.99,3.1,2.97,2.98,9209190,-2.614379084967322,3.3932581519851515,False,Drop,AMC,Meme,2025-03-10,,
2.98,3.07,2.96,2.97,7809895,-0.3355704697986517,3.0542295085826483,False,Stable,AMC,Meme,2025-03-11,,
2.99,3.03,2.94,2.94,5692973,-1.0101010101010166,1.4440192428407237,False,Stable,AMC,Meme,2025-03-12,Why Meme Mania Cannot Save AMC Entertainment (AMC) Stock,0.0
2.95,2.97,2.8221,2.84,8181774,-3.401360544217691,1.6255665210989414,False,Drop,AMC,Meme,2025-03-13,"Is AMC Entertainment Holdings, Inc. (AMC) the Best Meme Stock To Buy Right Now?",0.6428571428571428
2.95,2.97,2.8221,2.84,8181774,-3.401360544217691,1.6255665210989414,False,Drop,AMC,Meme,2025-03-13,Amcor prices private offering of $2.2 billion of senior unsecured notes,0.0
2.88,3.0,2.8602,2.9,7900123,2.1126760563380254,2.0433285378357082,False,Spike,AMC,Meme,2025-03-14,"Is AMC Entertainment Holdings, Inc. (AMC) The Best Stock Under $3 to Buy Now?",1.0
2.91,3.05,2.91,3.01,7618510,3.7931034482758585,2.6185713566616373,False,Spike,AMC,Meme,2025-03-17,,
2.98,3.065,2.98,3.02,6063202,0.33222591362127574,2.5271281332267854,False,Stable,AMC,Meme,2025-03-18,,
3.03,3.1,3.02,3.04,6544471,0.6622516556291425,2.2890977339440273,False,Stable,AMC,Meme,2025-03-19,,
3.03,3.07,2.98,2.99,6661657,-1.6447368421052544,2.4011429794893435,False,Stable,AMC,Meme,2025-03-20,AMC Entertainment (AMC) Sees a More Significant Dip Than Broader Market: Some Facts to Know,0.4375
2.98,3.06,2.95,3.04,15405852,1.6722408026755842,2.4046582319688947,False,Stable,AMC,Meme,2025-03-21,,
3.06,3.09,3.04,3.08,7171427,1.3157894736842035,1.6795246285833618,False,Stable,AMC,Meme,2025-03-24,,
3.08,3.1,3.05,3.07,6142142,-0.32467532467532756,1.7058163761578489,False,Stable,AMC,Meme,2025-03-25,"AMC Entertainment Holdings, Inc. (AMC) is Attracting Investor Attention: Here is What You Should Know",0.0
3.1,3.18,3.03,3.03,8913227,-1.3029315960912058,1.2591530929997123,False,Stable,AMC,Meme,2025-03-26,AMC Entertainment (AMC) Registers a Bigger Fall Than the Market: Important Facts to Note,0.2
3.1,3.18,3.03,3.03,8913227,-1.3029315960912058,1.2591530929997123,False,Stable,AMC,Meme,2025-03-26,CJ 4DPLEX and AMC Entertainment to Bring Unparalleled Premium Experiences 4DX and SCREENX Auditoriums to AMC and ODEON Moviegoers at 65 Locations Worldwide,0.0
3.0,3.01,2.91,2.96,7067447,-2.310231023102305,1.5426301295380511,False,Drop,AMC,Meme,2025-03-27,,
2.9,2.96,2.85,2.88,6577018,-2.7027027027027084,1.7160504505245622,False,Drop,AMC,Meme,2025-03-28,,
2.81,2.92,2.79,2.87,6047436,-0.3472222222222099,1.6737014825111505,False,Stable,AMC,Meme,2025-03-31,Newsmax Draws Retail Trader Wave With 735% Surge in Debut,0.0
2.81,2.92,2.79,2.87,6047436,-0.3472222222222099,1.6737014825111505,False,Stable,AMC,Meme,2025-03-31,"Dolby and AMC Entertainment announce major expansion of Dolby Cinema at AMC in the US, with 40 additional auditoriums to be added by the end of 2027",0.0625
2.86,2.8784,2.7229,2.78,9277296,-3.135888501742168,1.583658368470106,False,Drop,AMC,Meme,2025-04-01,IMAX to Expand and Upgrade Across 80 AMC Theatres® Locations in the United States to IMAX with Laser Technology,0.0
2.86,2.8784,2.7229,2.78,9277296,-3.135888501742168,1.583658368470106,False,Drop,AMC,Meme,2025-04-01,"DLB, AMC Expand Partnership to Boost the Premium Moviegoing Experience",0.0
2.26,2.31,2.25,2.3,5142454,,,False,,BB,Meme,2024-11-05,,
2.31,2.32,2.24,2.29,8260937,-0.43478260869563856,,False,Stable,BB,Meme,2024-11-06,,
2.3,2.33,2.28,2.31,7539176,0.8733624454148492,,False,Stable,BB,Meme,2024-11-07,,
2.31,2.33,2.26,2.32,23059426,0.43290043290042934,,False,Stable,BB,Meme,2024-11-08,,
2.32,2.51,2.31,2.43,11283042,4.74137931034484,,False,Spike,BB,Meme,2024-11-11,,
2.4,2.51,2.39,2.42,10294440,-0.4115226337448652,,False,Stable,BB,Meme,2024-11-12,,
2.43,2.55,2.42,2.44,14301367,0.8264462809917328,,False,Stable,BB,Meme,2024-11-13,,
2.44,2.475,2.395,2.4,8230843,-1.6393442622950838,2.0169487212145936,False,Stable,BB,Meme,2024-11-14,,
2.4,2.41,2.33,2.38,7917205,-0.8333333333333304,2.0571391260252767,False,Stable,BB,Meme,2024-11-15,,
2.375,2.42,2.34,2.39,7075608,0.42016806722691147,2.0531274490278455,False,Stable,BB,Meme,2024-11-18,,
2.37,2.3903,2.33,2.35,6086000,-1.673640167364021,2.2136078233705483,False,Stable,BB,Meme,2024-11-19,,
2.34,2.35,2.29,2.31,8370742,-1.7021276595744705,1.0423194328399554,False,Stable,BB,Meme,2024-11-20,,
2.31,2.35,2.3,2.32,9412584,0.43290043290042934,1.1287387362669536,False,Stable,BB,Meme,2024-11-21,,
2.32,2.37,2.31,2.35,6823659,1.2931034482758674,1.2354584938705706,False,Stable,BB,Meme,2024-11-22,,
2.37,2.59,2.362,2.57,18470252,9.361702127659566,3.8397044950825037,False,Spike,BB,Meme,2024-11-25,,
2.55,2.59,2.4943,2.57,10826312,0.0,3.784365419910838,False,Stable,BB,Meme,2024-11-26,,
2.57,2.695,2.57,2.61,16315644,1.5564202334630295,3.771603524143363,False,Stable,BB,Meme,2024-11-27,,
2.63,2.63,2.54,2.57,6991880,-1.532567049808431,3.7532481501876185,False,Stable,BB,Meme,2024-11-29,,
2.58,2.63,2.52,2.56,11494804,-0.38910505836574627,3.605531922919913,False,Stable,BB,Meme,2024-12-02,,
2.53,2.61,2.51,2.54,8679943,-0.78125,3.695292899048112,False,Stable,BB,Meme,2024-12-03,,
2.55,2.66,2.535,2.58,14105845,1.5748031496062964,3.6959980135755273,False,Stable,BB,Meme,2024-12-04,,
2.6,2.68,2.54,2.58,18880516,0.0,1.1537445541083349,False,Stable,BB,Meme,2024-12-05,,
2.57,2.61,2.53,2.59,10532989,0.3875968992248069,1.1596046584445046,False,Stable,BB,Meme,2024-12-06,,
2.62,2.95,2.62,2.94,39198154,13.513513513513509,5.244818959113695,True,Spike,BB,Meme,2024-12-09,,
2.93,2.94,2.78,2.82,17612082,-4.081632653061229,5.593658575167283,True,Drop,BB,Meme,2024-12-10,,
2.83,2.84,2.725,2.78,11868229,-1.4184397163120588,5.6634812083931525,True,Stable,BB,Meme,2024-12-11,,
2.76,2.76,2.68,2.76,12117212,-0.7194244604316502,5.659716910155776,True,Stable,BB,Meme,2024-12-12,,
2.75,2.81,2.66,2.69,10349275,-2.53623188405796,5.839590208016416,True,Drop,BB,Meme,2024-12-13,,
2.8,3.19,2.75,3.09,31028817,14.869888475836435,7.876869657337409,True,Spike,BB,Meme,2024-12-16,,
3.0,3.25,3.0,3.2,17735187,3.5598705501618255,7.80186051603252,True,Spike,BB,Meme,2024-12-17,,
3.2,3.25,2.98,3.01,16757574,-5.937500000000007,6.9841175206454436,True,Drop,BB,Meme,2024-12-18,,
3.04,3.08,2.955,2.98,20999536,-0.9966777408637828,6.737309383665848,True,Stable,BB,Meme,2024-12-19,,
3.0,3.7,2.98,3.69,40798508,23.825503355704704,10.78388968832276,True,Spike,BB,Meme,2024-12-20,,
3.67,3.8,3.61,3.79,22913641,2.7100271002709952,10.578918331923957,True,Spike,BB,Meme,2024-12-23,,
3.79,3.99,3.715,3.96,14643686,4.485488126649084,10.057457197559705,True,Spike,BB,Meme,2024-12-24,,
3.95,4.06,3.9105,3.95,10324985,-0.2525252525252486,9.459530130158665,True,Stable,BB,Meme,2024-12-26,,
3.95,3.965,3.795,3.91,14281666,-1.0126582278481067,9.644091220718865,True,Stable,BB,Meme,2024-12-27,,
3.84,3.89,3.75,3.83,10281059,-2.0460358056266004,9.123648608648605,True,Drop,BB,Meme,2024-12-30,,
3.85,3.88,3.73,3.78,13940428,-1.3054830287206332,9.15150243564434,True,Stable,BB,Meme,2024-12-31,,
3.82,4.1,3.775,3.82,18937790,1.0582010582010692,2.36902717167765,False,Stable,BB,Meme,2025-01-02,,
3.87,3.9,3.62,3.68,16815196,-3.6649214659685736,2.6006389834248025,False,Drop,BB,Meme,2025-01-03,,
3.85,4.115,3.81,4.09,26335792,11.141304347826075,4.889905716311698,False,Spike,BB,Meme,2025-01-06,,
4.11,4.35,3.965,4.06,22805118,-0.7334963325183463,4.906571516139377,False,Stable,BB,Meme,2025-01-07,,
4.0,4.1,3.88,4.05,22042725,-0.24630541871920597,4.875883091652086,False,Stable,BB,Meme,2025-01-08,,
3.99,4.12,3.925,4.06,20872730,0.24691358024691024,4.743686225449739,False,Stable,BB,Meme,2025-01-10,,
4.02,4.04,3.855,3.94,18792886,-2.9556650246305383,4.9112260442411095,False,Drop,BB,Meme,2025-01-13,,
3.98,4.115,3.96,4.0,17719682,1.522842639593902,4.920127582119422,False,Stable,BB,Meme,2025-01-14,,
4.07,4.23,4.03,4.14,18585539,3.499999999999992,4.580010351553873,False,Spike,BB,Meme,2025-01-15,,
4.14,4.28,4.075,4.21,13479270,1.6908212560386549,2.0622077040085856,False,Stable,BB,Meme,2025-01-16,,
4.25,4.26,3.96,3.99,17295350,-5.2256532066508266,2.9800868397489877,False,Drop,BB,Meme,2025-01-17,,
4.01,4.18,3.98,4.07,18772204,2.0050125313283207,3.094740325061659,False,Spike,BB,Meme,2025-01-21,,
4.07,4.15,4.05,4.09,13712891,0.49140049140048436,3.097894204946688,False,Stable,BB,Meme,2025-01-22,,
4.07,4.17,4.04,4.17,14723046,1.9559902200489088,2.8219853615305577,False,Stable,BB,Meme,2025-01-23,,
4.14,4.23,4.12,4.17,14845969,0.0,2.820045134785776,False,Stable,BB,Meme,2025-01-24,,
4.04,4.26,3.99,4.09,24188366,-1.918465227817745,2.6391656368965566,False,Stable,BB,Meme,2025-01-27,,
4.08,4.435,4.06,4.33,20715826,5.867970660146704,3.465719236786686,False,Spike,BB,Meme,2025-01-28,,
4.36,4.415,4.2,4.34,26122279,0.2309468822170757,2.4361093673972105,False,Stable,BB,Meme,2025-01-29,,
4.34,4.54,4.31,4.41,22426007,1.6129032258064502,2.419860183578696,False,Stable,BB,Meme,2025-01-30,,
4.4,4.51,4.38,4.44,27429103,0.6802721088435382,2.4119784913647813,False,Stable,BB,Meme,2025-01-31,,
4.21,4.39,4.1217,4.31,28538627,-2.9279279279279424,2.8286603365309095,False,Drop,BB,Meme,2025-02-03,,
4.36,4.66,4.36,4.62,24136218,7.1925754060324865,3.7652826086987052,False,Spike,BB,Meme,2025-02-04,,
4.65,5.09,4.63,5.08,29765041,9.956709956709965,4.54496110101087,False,Spike,BB,Meme,2025-02-05,,
5.13,5.22,5.0,5.16,28616000,1.5748031496062964,4.417616383072263,False,Stable,BB,Meme,2025-02-06,,
5.18,5.34,5.09,5.25,27338066,1.744186046511631,4.3172691909313174,False,Stable,BB,Meme,2025-02-07,,
5.32,5.65,5.29,5.54,31484342,5.523809523809531,4.385522668214528,False,Spike,BB,Meme,2025-02-10,,
5.5,5.5699,5.23,5.27,30514207,-4.873646209386296,5.353478626982881,True,Drop,BB,Meme,2025-02-11,,
5.23,5.85,5.2,5.82,35762989,10.43643263757117,5.436468899607622,True,Spike,BB,Meme,2025-02-12,,
5.98,6.0,5.65,5.91,31241510,1.546391752577314,5.390413129537277,True,Stable,BB,Meme,2025-02-13,,
5.95,6.0,5.6347,5.69,23230480,-3.7225042301184397,5.221571695154105,True,Drop,BB,Meme,2025-02-14,,
5.76,6.24,5.73,6.07,31716474,6.678383128295251,5.540098250024638,True,Spike,BB,Meme,2025-02-18,,
6.12,6.19,5.81,5.86,26866841,-3.4596375617792385,5.985891723975837,True,Drop,BB,Meme,2025-02-19,,
5.76,5.81,5.39,5.58,28770543,-4.778156996587035,6.162299520391946,True,Drop,BB,Meme,2025-02-20,,
5.61,5.66,5.19,5.24,33693953,-6.093189964157708,6.346158583282354,True,Drop,BB,Meme,2025-02-21,,
5.27,5.51,5.04,5.36,62459771,2.2900763358778553,4.652987105779021,False,Spike,BB,Meme,2025-02-24,,
5.35,5.35,4.63,4.91,66215997,-8.395522388059707,5.203542264806806,True,Drop,BB,Meme,2025-02-25,,
4.98,5.12,4.93,5.05,41327816,2.851323828920571,5.528609409148412,True,Spike,BB,Meme,2025-02-26,,
5.1,5.16,4.75,4.75,62468372,-5.940594059405935,4.32071131059794,False,Drop,BB,Meme,2025-02-27,,
4.65,4.82,4.585,4.71,66543317,-0.8421052631578996,4.422793704005534,False,Stable,BB,Meme,2025-02-28,,
4.77,4.96,4.35,4.39,43457161,-6.794055201698523,4.6201006547460794,False,Drop,BB,Meme,2025-03-03,,
4.245,4.46,4.17,4.42,32250720,0.6833712984054774,4.641056405904078,False,Stable,BB,Meme,2025-03-04,,
4.43,4.68,4.39,4.65,18558361,5.203619909502266,5.216940470632373,True,Spike,BB,Meme,2025-03-05,,
4.5,4.69,4.38,4.41,16948529,-5.161290322580648,4.65810520629088,False,Drop,BB,Meme,2025-03-06,,
4.52,4.585,4.3,4.52,17316438,2.494331065759625,4.605090417844537,False,Spike,BB,Meme,2025-03-07,,
4.32,4.37,4.09,4.19,17502259,-7.3008849557521955,4.847058919484591,False,Drop,BB,Meme,2025-03-10,,
4.22,4.49,4.215,4.37,14636938,4.2959427207637235,5.356292834426193,True,Spike,BB,Meme,2025-03-11,,
4.5,4.528,4.255,4.37,16395599,0.0,4.693198938661711,False,Stable,BB,Meme,2025-03-12,BlackBerry (BB) Flat As Market Gains: What You Should Know,-0.025
4.5,4.528,4.255,4.37,16395599,0.0,4.693198938661711,False,Stable,BB,Meme,2025-03-12,"BB's QNX Expands Collaboration With AMD on Robotic Systems, Shares Up",-0.1
4.32,4.375,4.22,4.26,10733106,-2.517162471395884,4.774221564794729,False,Drop,BB,Meme,2025-03-13,Is BlackBerry Limited (BB) the Best Meme Stock To Buy Right Now?,0.4047619047619048
4.36,4.54,4.34,4.54,13660198,6.572769953051649,5.062655118875177,True,Spike,BB,Meme,2025-03-14,BB's QNX Unit Unveils FuSa Platform for Advanced Robotics & Safety,0.4
4.55,4.62,4.445,4.52,17234501,-0.440528634361248,4.5886525368395885,False,Stable,BB,Meme,2025-03-17,BlackBerry (BB) Launches AI-Driven Safety Platform for Advanced Robotics,0.4
4.5,4.5,4.3325,4.41,11635768,-2.433628318584058,4.599584249365731,False,Drop,BB,Meme,2025-03-18,"BlackBerry to Announce Fourth Quarter and Fiscal Year 2025 Results on April 2, 2025",0.0
4.5,4.5,4.3325,4.41,11635768,-2.433628318584058,4.599584249365731,False,Drop,BB,Meme,2025-03-18,Jim Cramer Says Blackerry (BB) is a ‘Speculative’ Stock,0.0
4.5,4.5,4.3325,4.41,11635768,-2.433628318584058,4.599584249365731,False,Drop,BB,Meme,2025-03-18,QNX Announces Free Online Training Courses to Grow and Empower Global Developer Community,0.2
4.42,4.5599,4.392,4.47,12751168,1.3605442176870763,3.39805340084825,False,Stable,BB,Meme,2025-03-19,BlackBerry (BB) Outpaces Stock Market Gains: What You Should Know,0.0
4.42,4.5599,4.392,4.47,12751168,1.3605442176870763,3.39805340084825,False,Stable,BB,Meme,2025-03-19,BlackBerry (BB): Among the Best Stocks to Invest in for a Stock Market Game,0.3
4.4,4.52,4.39,4.42,10621961,-1.118568232662187,3.1216141787953435,False,Stable,BB,Meme,2025-03-20,QNX and Advantech Strengthen Collaboration to Streamline Embedded Systems Development,0.0
4.37,4.4,4.305,4.33,15779694,-2.036199095022617,3.2364786622058603,False,Drop,BB,Meme,2025-03-21,BB's QNX Partners Advantech to Fuel Innovation in Embedded Systems,0.0
4.43,4.52,4.3946,4.44,10548367,2.5404157043879882,3.1674827855651713,False,Spike,BB,Meme,2025-03-24,,
4.45,4.51,4.32,4.34,9552068,-2.2522522522522626,1.9213904250339182,False,Drop,BB,Meme,2025-03-25,,
4.33,4.3699,4.1101,4.15,13750658,-4.377880184331784,2.379775261550176,False,Drop,BB,Meme,2025-03-26,,
4.12,4.1206,3.95,3.96,13249827,-4.578313253012056,2.6852857914732584,False,Drop,BB,Meme,2025-03-27,,
3.94,4.02,3.8816,3.92,13382593,-1.0101010101010055,2.3994639067698125,False,Stable,BB,Meme,2025-03-28,"Tariffs begin, March jobs report, earnings: What to Watch",0.0
3.94,4.02,3.8816,3.92,13382593,-1.0101010101010055,2.3994639067698125,False,Stable,BB,Meme,2025-03-28,BlackBerry (BB) Stock Moves -1.01%: What You Should Know,0.0
3.94,4.02,3.8816,3.92,13382593,-1.0101010101010055,2.3994639067698125,False,Stable,BB,Meme,2025-03-28,"Stocks to watch this week: BlackBerry, Guess, Travis Perkins, Raspberry Pi and SSE",0.0
3.94,4.02,3.8816,3.92,13382593,-1.0101010101010055,2.3994639067698125,False,Stable,BB,Meme,2025-03-28,How Should You Play BlackBerry Stock Before Q4 Earnings Release?,0.0
3.75,3.8298,3.66,3.77,19387604,-3.826530612244894,2.481910051294585,False,Drop,BB,Meme,2025-03-31,Why meme stocks like GameStop could cause you headaches,0.0
3.79,3.84,3.67,3.73,17207849,-1.0610079575596787,2.5210159258434612,False,Stable,BB,Meme,2025-04-01,"Trump tariffs, Boeing CEO comments, earnings: What to Watch",0.0
3.79,3.84,3.67,3.73,17207849,-1.0610079575596787,2.5210159258434612,False,Stable,BB,Meme,2025-04-01,Is BlackBerry Ltd. (BB) the Best Technology Penny Stock to Buy Right Now?,0.6428571428571428
221.795,223.95,221.14,223.45,28111338,,,False,,AAPL,Blue-Chip,2024-11-05,,
222.61,226.065,221.19,222.72,54561121,-0.32669501006936663,,False,Stable,AAPL,Blue-Chip,2024-11-06,,
224.625,227.875,224.57,227.48,42137691,2.1372126436781658,,False,Spike,AAPL,Blue-Chip,2024-11-07,,
227.17,228.66,226.405,226.96,38328824,-0.22859152452961995,,False,Stable,AAPL,Blue-Chip,2024-11-08,,
225.0,225.7,221.5,224.23,42005602,-1.2028551286570432,,False,Stable,AAPL,Blue-Chip,2024-11-11,,
224.55,225.59,223.355,224.23,40398299,0.0,,False,Stable,AAPL,Blue-Chip,2024-11-12,,
224.01,226.65,222.76,225.12,48566217,0.39691388306650754,,False,Stable,AAPL,Blue-Chip,2024-11-13,,
225.02,228.87,225.0,228.22,44923941,1.377043354655294,1.122875211727976,False,Stable,AAPL,Blue-Chip,2024-11-14,,
226.4,226.92,224.27,225.0,47923696,-1.4109192884059207,1.2876388601462792,False,Stable,AAPL,Blue-Chip,2024-11-15,,
225.25,229.74,225.17,228.02,44686020,1.3422222222222224,1.1056255212956447,False,Stable,AAPL,Blue-Chip,2024-11-18,,
226.98,230.16,226.66,228.28,36211774,0.11402508551880963,1.0993650603136,False,Stable,AAPL,Blue-Chip,2024-11-19,,
228.06,229.93,225.89,229.0,35169566,0.31540213772560666,0.9405263302380303,False,Stable,AAPL,Blue-Chip,2024-11-20,,
228.88,230.155,225.7103,228.52,42108327,-0.2096069868995576,0.955077558430167,False,Stable,AAPL,Blue-Chip,2024-11-21,,
228.06,230.7199,228.06,229.87,38168252,0.5907579205321145,0.9619863600697898,False,Stable,AAPL,Blue-Chip,2024-11-22,,
231.46,233.245,229.74,232.87,90152832,1.3050854830991332,0.9488879765581296,False,Stable,AAPL,Blue-Chip,2024-11-25,,
233.33,235.57,233.33,235.06,45986189,0.940438871473348,0.595963573228607,False,Stable,AAPL,Blue-Chip,2024-11-26,,
234.465,235.69,233.8101,234.93,33498439,-0.05530502850336072,0.5492031106082309,False,Stable,AAPL,Blue-Chip,2024-11-27,,
234.81,237.81,233.97,237.33,28481377,1.0215808964372464,0.5692967905427035,False,Stable,AAPL,Blue-Chip,2024-11-29,,
237.27,240.79,237.16,239.59,48137103,0.9522605654573857,0.5748639323096578,False,Stable,AAPL,Blue-Chip,2024-12-02,,
239.81,242.76,238.9,242.65,38861017,1.2771818523310774,0.46966062471820025,False,Stable,AAPL,Blue-Chip,2024-12-03,,
242.87,244.11,241.25,243.01,44383935,0.14836183803832448,0.5371191462011606,False,Stable,AAPL,Blue-Chip,2024-12-04,,
243.99,244.54,242.13,243.04,40033878,0.012345170980609943,0.5558314149975194,False,Stable,AAPL,Blue-Chip,2024-12-05,,
242.905,244.63,242.08,242.84,36870619,-0.08229098090848375,0.5890943715231309,False,Stable,AAPL,Blue-Chip,2024-12-06,,
241.83,247.24,241.75,246.75,44649232,1.6101136550815243,0.6729815419347503,False,Stable,AAPL,Blue-Chip,2024-12-09,,
246.89,248.21,245.34,247.77,36914806,0.41337386018236444,0.6646043123578838,False,Stable,AAPL,Blue-Chip,2024-12-10,,
247.96,250.8,246.2601,246.49,45205814,-0.5166081446502768,0.765921819658645,False,Stable,AAPL,Blue-Chip,2024-12-11,,
246.89,248.74,245.68,247.96,32777532,0.5963730780153442,0.6751382934353972,False,Stable,AAPL,Blue-Chip,2024-12-12,,
247.815,249.2902,246.24,248.13,33155290,0.0685594450717808,0.6790180670676661,False,Stable,AAPL,Blue-Chip,2024-12-13,,
247.99,251.38,247.65,251.04,51694753,1.1727723370813736,0.7362507034932689,False,Stable,AAPL,Blue-Chip,2024-12-16,,
250.08,253.83,249.78,253.48,51356360,0.9719566602931717,0.7128457677982977,False,Stable,AAPL,Blue-Chip,2024-12-17,,
252.16,254.28,247.74,248.05,56774101,-2.1421808426700273,1.1300202532841235,False,Drop,AAPL,Blue-Chip,2024-12-18,,
247.5,252.0,247.0949,249.79,60882264,0.7014714775246844,1.1492429820715309,False,Stable,AAPL,Blue-Chip,2024-12-19,,
248.04,255.0,245.69,254.49,147495267,1.881580527643223,1.2775222752232618,False,Stable,AAPL,Blue-Chip,2024-12-20,,
254.77,255.65,253.45,255.27,40858774,0.30649534362843234,1.2772280971094012,False,Stable,AAPL,Blue-Chip,2024-12-23,,
255.49,258.21,255.29,258.2,23234705,1.1478042856583048,1.2923682127585632,False,Stable,AAPL,Blue-Chip,2024-12-24,,
258.19,260.1,257.63,259.02,27262983,0.3175832687838831,1.2668456540091826,False,Stable,AAPL,Blue-Chip,2024-12-26,,
257.83,258.7,253.06,255.59,42355321,-1.3242220677939898,1.4008556559189085,False,Stable,AAPL,Blue-Chip,2024-12-27,,
252.23,253.5,250.75,252.2,35557542,-1.3263429711647623,1.200168606759548,False,Stable,AAPL,Blue-Chip,2024-12-30,,
252.44,253.28,249.43,250.42,39480718,-0.7057890563045177,1.2282016580864294,False,Stable,AAPL,Blue-Chip,2024-12-31,,
248.93,249.1,241.8201,243.85,55740731,-2.6235923648270876,1.283010294455927,False,Drop,AAPL,Blue-Chip,2025-01-02,,
243.36,244.18,241.89,243.36,40244114,-0.2009432027885949,1.236679094644095,False,Stable,AAPL,Blue-Chip,2025-01-03,,
244.31,247.33,243.2,245.0,45045571,0.6738987508218219,1.1285954194668284,False,Stable,AAPL,Blue-Chip,2025-01-06,,
242.98,245.55,241.35,242.21,40855960,-1.138775510204082,1.0308567187672135,False,Stable,AAPL,Blue-Chip,2025-01-07,,
241.92,243.7123,240.05,242.7,37628940,0.20230378597083654,1.0976498773285006,False,Stable,AAPL,Blue-Chip,2025-01-08,,
240.01,240.16,233.0,236.85,61710856,-2.410383189122367,1.2600485837726958,False,Drop,AAPL,Blue-Chip,2025-01-10,,
233.53,234.67,229.72,234.4,49630725,-1.034409964112304,1.2583280238051031,False,Stable,AAPL,Blue-Chip,2025-01-13,,
234.75,236.12,232.472,233.28,39435294,-0.4778156996587013,1.015891574710029,False,Stable,AAPL,Blue-Chip,2025-01-14,,
234.635,238.96,234.43,237.87,39831969,1.967592592592604,1.4182751671100042,False,Stable,AAPL,Blue-Chip,2025-01-15,,
237.35,238.01,228.03,228.26,71759052,-4.040021860680209,1.9050591786770859,False,Drop,AAPL,Blue-Chip,2025-01-16,,
232.115,232.29,228.48,229.98,68488301,0.753526680101646,2.011737488962621,False,Stable,AAPL,Blue-Chip,2025-01-17,,
224.0,224.42,219.38,222.64,98070429,-3.1915818766849346,2.156226375670727,False,Drop,AAPL,Blue-Chip,2025-01-21,,
219.79,224.12,219.79,223.83,64126500,0.5344951491196737,2.1690344382296036,False,Stable,AAPL,Blue-Chip,2025-01-22,,
224.74,227.03,222.3,223.66,60234760,-0.07595049814592691,2.180814650844344,False,Stable,AAPL,Blue-Chip,2025-01-23,,
224.78,225.63,221.41,222.78,54697907,-0.3934543503532173,2.1821388145686313,False,Stable,AAPL,Blue-Chip,2025-01-24,,
224.02,232.15,223.98,229.86,94863418,3.17802316186373,2.4538020349217593,False,Spike,AAPL,Blue-Chip,2025-01-27,,
230.85,240.19,230.81,238.26,75707569,3.654398329417896,2.3026705813322255,False,Spike,AAPL,Blue-Chip,2025-01-28,,
234.12,239.855,234.01,239.36,45486100,0.46168051708219693,2.3028525652376137,False,Stable,AAPL,Blue-Chip,2025-01-29,,
238.665,240.79,237.21,237.59,55658279,-0.7394719251336945,1.7512179644986996,False,Stable,AAPL,Blue-Chip,2025-01-30,,
247.19,247.19,233.44,236.0,101075128,-0.6692200850204166,1.854382726643489,False,Stable,AAPL,Blue-Chip,2025-01-31,,
229.99,231.83,225.7,228.01,73063301,-3.3855932203389894,2.43739977768263,False,Drop,AAPL,Blue-Chip,2025-02-03,,
227.25,233.13,226.65,232.8,45067301,2.1007850532871464,2.500472376656402,False,Spike,AAPL,Blue-Chip,2025-02-04,,
228.53,232.67,228.27,232.47,39664989,-0.14175257731959823,2.244390193091609,False,Stable,AAPL,Blue-Chip,2025-02-05,,
231.285,233.8,230.425,233.22,29925349,0.3226222738417883,1.663662009421603,False,Stable,AAPL,Blue-Chip,2025-02-06,,
232.6,234.0,227.26,227.63,39707224,-2.3968784838350077,1.7933252850257113,False,Drop,AAPL,Blue-Chip,2025-02-07,,
229.57,230.585,227.2,227.65,33115645,0.008786188112286375,1.8128688996087505,False,Stable,AAPL,Blue-Chip,2025-02-10,,
228.2,235.23,228.13,232.62,53718362,2.1831759279595797,2.0923013765444467,False,Spike,AAPL,Blue-Chip,2025-02-11,,
231.2,236.96,230.68,236.87,45243292,1.8270140142722102,1.6436634576988012,False,Stable,AAPL,Blue-Chip,2025-02-12,,
236.91,242.3399,235.57,241.53,53614054,1.967323848524516,1.6234302726602805,False,Stable,AAPL,Blue-Chip,2025-02-13,,
241.25,245.55,240.99,244.6,40896227,1.2710636359872352,1.6125338078524625,False,Stable,AAPL,Blue-Chip,2025-02-14,,
244.15,245.18,241.84,244.47,48822491,-0.05314799672935244,1.634861512374812,False,Stable,AAPL,Blue-Chip,2025-02-18,,
244.66,246.01,243.1604,244.87,32204215,0.1636192579866691,0.9886756900415784,False,Stable,AAPL,Blue-Chip,2025-02-19,,
244.94,246.78,244.29,245.83,32316907,0.39204475844325515,0.9301182523146919,False,Stable,AAPL,Blue-Chip,2025-02-20,,
245.95,248.69,245.22,245.55,53197431,-0.11389984948948495,0.8916970396648306,False,Stable,AAPL,Blue-Chip,2025-02-21,,
244.925,248.86,244.42,247.1,51326396,0.6312360008144946,0.762705806344612,False,Stable,AAPL,Blue-Chip,2025-02-24,,
248.0,250.0,244.91,247.04,48013272,-0.02428166734116388,0.4961472068652874,False,Stable,AAPL,Blue-Chip,2025-02-25,,
244.33,244.98,239.13,240.36,44433564,-2.704015544041438,1.1172919330535482,False,Drop,AAPL,Blue-Chip,2025-02-26,,
239.41,242.46,237.06,237.3,41153639,-1.273090364453322,1.176143873646301,False,Stable,AAPL,Blue-Chip,2025-02-27,,
236.95,242.09,230.2,241.84,56833360,1.913190054782965,1.4696916097099888,False,Stable,AAPL,Blue-Chip,2025-02-28,,
241.79,244.0272,236.112,238.03,47183985,-1.5754217664571635,1.5314793465843701,False,Stable,AAPL,Blue-Chip,2025-03-03,,
237.705,240.07,234.68,235.93,53798062,-0.8822417342351785,1.5309541622523068,False,Stable,AAPL,Blue-Chip,2025-03-04,,
235.42,236.55,229.23,235.74,47227643,-0.08053236129360597,1.4607355167684721,False,Stable,AAPL,Blue-Chip,2025-03-05,,
234.435,237.86,233.1581,235.33,45170419,-0.17392042080257575,1.45092803025723,False,Stable,AAPL,Blue-Chip,2025-03-06,,
235.105,241.37,234.76,239.07,46273565,1.589257638210162,1.3583408600352536,False,Stable,AAPL,Blue-Chip,2025-03-07,,
235.54,236.16,224.22,227.48,71451281,-4.847952482536499,2.2595602832087547,False,Drop,AAPL,Blue-Chip,2025-03-10,,
223.805,225.8399,217.45,220.84,76137410,-2.9189379286091,2.1038043765172922,False,Drop,AAPL,Blue-Chip,2025-03-11,,
220.14,221.75,214.91,216.98,62547467,-1.7478717623618967,2.108980797660836,False,Stable,AAPL,Blue-Chip,2025-03-12,,
215.95,216.8394,208.42,209.68,61368330,-3.364365379297618,2.233105316148358,False,Drop,AAPL,Blue-Chip,2025-03-13,,
211.25,213.95,209.58,213.49,60107582,1.8170545593285015,2.5482121692099065,False,Stable,AAPL,Blue-Chip,2025-03-14,,
213.31,215.22,209.97,214.0,48073426,0.23888706730994524,2.5852327491435183,False,Stable,AAPL,Blue-Chip,2025-03-17,,
214.16,215.15,211.49,212.69,42432426,-0.6121495327102822,2.2894449132967014,False,Stable,AAPL,Blue-Chip,2025-03-18,,
214.22,218.76,213.75,215.24,54385391,1.1989280173021921,1.9965469148751427,False,Stable,AAPL,Blue-Chip,2025-03-19,,
213.99,217.4899,212.22,214.1,48862947,-0.5296413306076997,1.7578607644737732,False,Stable,AAPL,Blue-Chip,2025-03-20,,
211.56,218.84,211.28,218.27,94127768,1.9476879962634364,1.8481788554032477,False,Stable,AAPL,Blue-Chip,2025-03-21,,
221.0,221.48,218.58,220.73,44299483,1.1270444861868123,1.0543859272422909,False,Stable,AAPL,Blue-Chip,2025-03-24,,
220.77,224.1,220.08,223.75,34493583,1.3681873782449117,0.9897112062151124,False,Stable,AAPL,Blue-Chip,2025-03-25,,
223.51,225.02,220.47,221.53,34532656,-0.9921787709497254,1.1729493801167552,False,Stable,AAPL,Blue-Chip,2025-03-26,,
221.39,224.99,220.5601,223.85,37094774,1.047262221820966,1.0739620908887786,False,Stable,AAPL,Blue-Chip,2025-03-27,,
221.67,223.81,217.68,217.9,39818617,-2.6580299307571997,1.6389627305622352,False,Drop,AAPL,Blue-Chip,2025-03-28,,
217.005,225.62,216.23,222.13,65299321,1.941257457549339,1.7227838657649261,False,Stable,AAPL,Blue-Chip,2025-03-31,,
219.805,223.68,218.9,223.19,36412740,0.4771980371854223,1.6084089129662364,False,Stable,AAPL,Blue-Chip,2025-04-01,U.S. Says Europe’s Tech Rules Are a Trade Barrier,0.0
219.805,223.68,218.9,223.19,36412740,0.4771980371854223,1.6084089129662364,False,Stable,AAPL,Blue-Chip,2025-04-01,Apple (AAPL) Laps the Stock Market: Here's Why,0.0
219.805,223.68,218.9,223.19,36412740,0.4771980371854223,1.6084089129662364,False,Stable,AAPL,Blue-Chip,2025-04-01,Jim Cramer on Apple Inc. (NASDAQ:AAPL): “Apple is a great stock but. . .”,0.8
219.805,223.68,218.9,223.19,36412740,0.4771980371854223,1.6084089129662364,False,Stable,AAPL,Blue-Chip,2025-04-01,"Apple Stock Looks Appetizing At Current Levels, Citi Says",0.1
219.805,223.68,218.9,223.19,36412740,0.4771980371854223,1.6084089129662364,False,Stable,AAPL,Blue-Chip,2025-04-01,Visa Offers Apple Roughly $100 Million to Take Over Credit Card From Mastercard,0.0
219.805,223.68,218.9,223.19,36412740,0.4771980371854223,1.6084089129662364,False,Stable,AAPL,Blue-Chip,2025-04-01,"Citi Backs Apple as Siri Delays Hit Shares, AI Features Go Global",0.0
219.805,223.68,218.9,223.19,36412740,0.4771980371854223,1.6084089129662364,False,Stable,AAPL,Blue-Chip,2025-04-01,"EU Competition Chief Goes to Washington, With Tech Rulings Looming",0.0
219.805,223.68,218.9,223.19,36412740,0.4771980371854223,1.6084089129662364,False,Stable,AAPL,Blue-Chip,2025-04-01,"Rocket acquires Mr. Cooper, Musk’s xAI acquires X: Morning Buzz",0.0
219.805,223.68,218.9,223.19,36412740,0.4771980371854223,1.6084089129662364,False,Stable,AAPL,Blue-Chip,2025-04-01,Update: MDA Space Down 5% as Says to Acquire NYSE American-listed SatixFy Communications for US$193 Million,-0.15555555555555559
219.805,223.68,218.9,223.19,36412740,0.4771980371854223,1.6084089129662364,False,Stable,AAPL,Blue-Chip,2025-04-01,"Apple's iOS 18.4 Expands AI Features Amid Siri Delay, Citi Sees Stock Opportunity",0.0
219.805,223.68,218.9,223.19,36412740,0.4771980371854223,1.6084089129662364,False,Stable,AAPL,Blue-Chip,2025-04-01,"Magnificent Seven Stocks: Amazon, Google, Tesla Rally; Nvidia Reverses Higher",0.625
219.805,223.68,218.9,223.19,36412740,0.4771980371854223,1.6084089129662364,False,Stable,AAPL,Blue-Chip,2025-04-01,What 'Magnificent 7' stocks need to show to revive the trade,1.0
219.805,223.68,218.9,223.19,36412740,0.4771980371854223,1.6084089129662364,False,Stable,AAPL,Blue-Chip,2025-04-01,Warren Buffett Stocks: What's Inside Berkshire Hathaway's Portfolio?,0.0
219.805,223.68,218.9,223.19,36412740,0.4771980371854223,1.6084089129662364,False,Stable,AAPL,Blue-Chip,2025-04-01,"Zacks Investment Ideas feature highlights: Amazon, Meta Platforms, Microsoft, Apple, Alphabet, Tesla and Nvidia",0.0
219.805,223.68,218.9,223.19,36412740,0.4771980371854223,1.6084089129662364,False,Stable,AAPL,Blue-Chip,2025-04-01,Jim Cramer’s Strategic Insight on Apple (AAPL): CEO Tim Cook Pleases Everyone – But Is That a Problem?,0.0
219.805,223.68,218.9,223.19,36412740,0.4771980371854223,1.6084089129662364,False,Stable,AAPL,Blue-Chip,2025-04-01,Apple Stock Nears Citi’s Worst-Case. It Remains a Buy Even After Siri Delay.,0.0
219.805,223.68,218.9,223.19,36412740,0.4771980371854223,1.6084089129662364,False,Stable,AAPL,Blue-Chip,2025-04-01,"Tesla Short Position Now 4th Largest, Trails NVDA, MSFT, AAPL",0.0
219.805,223.68,218.9,223.19,36412740,0.4771980371854223,1.6084089129662364,False,Stable,AAPL,Blue-Chip,2025-04-01,Apple and Google app stores host VPNs linked to sanctioned Chinese group,0.0
219.805,223.68,218.9,223.19,36412740,0.4771980371854223,1.6084089129662364,False,Stable,AAPL,Blue-Chip,2025-04-01,Foxconn Plans Major Expansion in India with 30M iPhones Set for Production,0.0625
219.805,223.68,218.9,223.19,36412740,0.4771980371854223,1.6084089129662364,False,Stable,AAPL,Blue-Chip,2025-04-01,This Week In Cloud AI - Enhancing Cloud Tech: The Rise Of Kubernetes Solutions,0.0
408.37,414.9,408.08,411.46,17626011,,,False,,MSFT,Blue-Chip,2024-11-05,,
412.42,420.45,410.52,420.18,26681842,2.1192825548048466,,False,Spike,MSFT,Blue-Chip,2024-11-06,,
421.28,426.85,419.88,425.43,19901782,1.2494645152077766,,False,Stable,MSFT,Blue-Chip,2024-11-07,,
425.32,426.5,421.78,422.54,16891414,-0.6793126953905437,,False,Stable,MSFT,Blue-Chip,2024-11-08,,
422.515,424.81,416.0,418.01,24503321,-1.072087849671044,,False,Stable,MSFT,Blue-Chip,2024-11-11,,
418.25,424.44,417.2,423.03,19401204,1.2009282074591399,,False,Stable,MSFT,Blue-Chip,2024-11-12,,
421.64,429.325,418.21,425.2,21502185,0.5129659834999911,,False,Stable,MSFT,Blue-Chip,2024-11-13,,
425.0,428.17,420.0,426.89,30246881,0.39746001881466597,1.1210502966118934,False,Stable,MSFT,Blue-Chip,2024-11-14,,
419.82,422.8,413.64,415.0,28247644,-2.785260840029047,1.4488788542764057,False,Drop,MSFT,Blue-Chip,2024-11-15,,
414.87,418.4037,412.1,415.76,24742013,0.1831325301204778,1.3258455317183573,False,Stable,MSFT,Blue-Chip,2024-11-18,,
413.11,417.94,411.55,417.79,18133529,0.48826245911102184,1.3464372053791316,False,Stable,MSFT,Blue-Chip,2024-11-19,,
416.87,417.29,410.58,415.49,19191655,-0.5505158093779161,1.3007900897098388,False,Stable,MSFT,Blue-Chip,2024-11-20,,
419.5,419.78,410.2887,412.87,20780162,-0.6305807600664237,1.1789215632397434,False,Stable,MSFT,Blue-Chip,2024-11-21,,
411.365,417.4,411.06,417.0,24814626,1.0003148690871155,1.2499820736865448,False,Stable,MSFT,Blue-Chip,2024-11-22,,
418.38,421.08,414.85,418.79,27691090,0.4292565947242366,1.252870629185941,False,Stable,MSFT,Blue-Chip,2024-11-25,,
419.585,429.0414,418.85,427.99,23458889,2.196805081305664,0.9657307260166912,False,Spike,MSFT,Blue-Chip,2024-11-26,,
425.105,427.2299,422.02,422.99,18332444,-1.1682515946634275,1.145249359599197,False,Stable,MSFT,Blue-Chip,2024-11-27,,
420.09,424.88,417.8,423.46,16271921,0.11111373791341528,1.1411561750107468,False,Stable,MSFT,Blue-Chip,2024-11-29,,
421.57,433.0,421.31,430.98,20207223,1.7758465970811876,1.2225783692409953,False,Stable,MSFT,Blue-Chip,2024-12-02,,
429.84,432.47,427.74,431.2,18301987,0.05104645227156368,1.1389604243539524,False,Stable,MSFT,Blue-Chip,2024-12-03,,
433.03,439.67,432.63,437.42,26009429,1.4424860853432309,1.174748689344015,False,Stable,MSFT,Blue-Chip,2024-12-04,,
437.92,444.66,436.171,442.62,21697775,1.1887888070961417,1.1815805439974776,False,Stable,MSFT,Blue-Chip,2024-12-05,,
442.3,446.1,441.7703,443.57,18821002,0.21463106050336744,1.0170114828261616,False,Stable,MSFT,Blue-Chip,2024-12-06,,
442.6,448.33,440.5,446.02,19144388,0.552336722501523,0.7006869863225005,False,Stable,MSFT,Blue-Chip,2024-12-09,,
444.39,449.62,441.6,443.33,18469459,-0.6031119680731778,0.8478636152284897,False,Stable,MSFT,Blue-Chip,2024-12-10,,
444.05,450.35,444.05,448.99,19200208,1.27670132858142,0.7542258159783617,False,Stable,MSFT,Blue-Chip,2024-12-11,,
449.11,456.1648,449.11,449.56,20834779,0.12695160248556991,0.7457003131020365,False,Stable,MSFT,Blue-Chip,2024-12-12,,
448.435,451.43,445.58,447.27,20177833,-0.509386956134894,0.7430156660004049,False,Stable,MSFT,Blue-Chip,2024-12-13,,
447.27,452.18,445.28,451.59,23598834,0.965859547924075,0.7033390329403832,False,Stable,MSFT,Blue-Chip,2024-12-16,,
451.01,455.29,449.57,454.46,22733494,0.6355322305631184,0.7138209800752031,False,Stable,MSFT,Blue-Chip,2024-12-17,,
451.32,452.65,437.02,437.39,24444545,-3.7561061479558178,1.6940237564879694,False,Drop,MSFT,Blue-Chip,2024-12-18,,
441.62,443.1834,436.32,437.03,22963681,-0.0823064084684133,1.6881884580315947,False,Stable,MSFT,Blue-Chip,2024-12-19,,
433.11,443.74,428.63,436.6,64263694,-0.09839141477701041,1.5642849319168408,False,Stable,MSFT,Blue-Chip,2024-12-20,,
436.74,437.65,432.83,435.25,19152519,-0.3092075125973537,1.5489539782694512,False,Stable,MSFT,Blue-Chip,2024-12-23,,
434.65,439.6,434.19,439.33,7164543,0.9373923032739873,1.6339886296578123,False,Stable,MSFT,Blue-Chip,2024-12-24,,
439.08,440.94,436.63,438.11,8199927,-0.27769558190881005,1.5457600257208055,False,Stable,MSFT,Blue-Chip,2024-12-26,,
434.6,435.22,426.35,430.53,18117713,-1.7301590924653665,1.534700052775546,False,Stable,MSFT,Blue-Chip,2024-12-27,,
426.06,427.55,421.9,424.83,13158703,-1.3239495505539711,0.8780382613881055,False,Stable,MSFT,Blue-Chip,2024-12-30,,
426.1,426.73,420.66,421.5,13246509,-0.78384294894428,0.8741572330915335,False,Stable,MSFT,Blue-Chip,2024-12-31,,
425.53,426.07,414.85,418.58,16896469,-0.6927639383155437,0.8559327806615504,False,Stable,MSFT,Blue-Chip,2025-01-02,,
421.08,424.03,419.54,423.35,16662943,1.1395671078407998,1.0823758029072765,False,Stable,MSFT,Blue-Chip,2025-01-03,,
428.0,434.32,425.4774,427.85,20573648,1.0629502775481248,1.108761953521718,False,Stable,MSFT,Blue-Chip,2025-01-06,,
429.0,430.65,420.8,422.37,18139065,-1.2808227182423804,1.1582234285911195,False,Stable,MSFT,Blue-Chip,2025-01-07,,
423.46,426.97,421.54,424.56,15054575,0.518502734569215,1.0739828025758962,False,Stable,MSFT,Blue-Chip,2025-01-08,,
424.63,424.71,415.02,418.95,20201132,-1.3213680045223275,1.073530606622417,False,Stable,MSFT,Blue-Chip,2025-01-10,,
415.235,418.5,412.29,417.19,17604780,-0.42009786370688085,1.0487364378709312,False,Stable,MSFT,Blue-Chip,2025-01-13,,
417.81,419.74,410.72,415.67,16935856,-0.3643423859632233,1.0271139408177674,False,Stable,MSFT,Blue-Chip,2025-01-14,,
419.13,428.15,418.265,426.31,19637838,2.5597228570741093,1.3883625433936022,False,Spike,MSFT,Blue-Chip,2025-01-15,,
428.695,429.49,424.39,424.58,15300023,-0.4058079801083747,1.3296981238623158,False,Stable,MSFT,Blue-Chip,2025-01-16,,
434.085,434.48,428.17,429.03,26197507,1.0480945875924519,1.2758645819623209,False,Stable,MSFT,Blue-Chip,2025-01-17,,
430.2,430.8999,425.595,428.5,26085703,-0.12353448476796203,1.2748013493813424,False,Stable,MSFT,Blue-Chip,2025-01-21,,
437.56,447.27,436.0,446.2,27803811,4.130688448074671,1.7937723244376567,False,Spike,MSFT,Blue-Chip,2025-01-22,,
442.0,446.75,441.5048,446.71,18389270,0.11429852084265946,1.7378407563483607,False,Stable,MSFT,Blue-Chip,2025-01-23,,
445.16,446.65,441.4,444.06,15549453,-0.5932260303104897,1.7695255792696136,False,Stable,MSFT,Blue-Chip,2025-01-24,,
424.01,435.2,423.5,434.56,35647805,-2.1393505382155564,1.9447989505792367,False,Drop,MSFT,Blue-Chip,2025-01-27,,
434.6,448.38,431.38,447.2,23491703,2.908689248895424,2.140729172961578,False,Spike,MSFT,Blue-Chip,2025-01-28,,
446.69,446.88,440.4,442.33,23581370,-1.08899821109123,2.2433360501713766,False,Stable,MSFT,Blue-Chip,2025-01-29,,
418.77,422.86,413.16,414.99,54586260,-6.18090565867112,3.383661488835604,False,Drop,MSFT,Blue-Chip,2025-01-30,,
418.98,420.69,414.91,415.06,34223388,0.016867876334369925,2.7648575127499213,False,Stable,MSFT,Blue-Chip,2025-01-31,,
411.6,415.41,408.66,410.92,25679149,-0.9974461523635125,2.7221398324096473,False,Stable,MSFT,Blue-Chip,2025-02-03,,
412.685,413.9199,409.74,412.37,20532096,0.35286673805119406,2.7775168744882466,False,Stable,MSFT,Blue-Chip,2025-02-04,,
412.35,413.827,410.4,413.29,16336188,0.2231006135266833,2.762086457514668,False,Stable,MSFT,Blue-Chip,2025-02-05,,
414.0,418.2,414.0,415.82,16309755,0.6121609523578986,2.373761500057429,False,Stable,MSFT,Blue-Chip,2025-02-06,,
416.48,418.65,408.1,409.75,22886844,-1.4597662450098636,2.379974876598774,False,Stable,MSFT,Blue-Chip,2025-02-07,,
413.71,415.4624,410.92,412.22,20817919,0.6028065893837864,0.8142746183444513,False,Stable,MSFT,Blue-Chip,2025-02-10,,
409.64,412.49,409.3,411.44,18140592,-0.18921934889137848,0.8133748993243195,False,Stable,MSFT,Blue-Chip,2025-02-11,,
407.21,410.75,404.3673,409.04,19121734,-0.5833171300797191,0.7518373710110452,False,Stable,MSFT,Blue-Chip,2025-02-12,,
407.0,411.0,406.36,410.54,23891731,0.3667123019753582,0.753131040255034,False,Stable,MSFT,Blue-Chip,2025-02-13,,
407.79,408.91,405.88,408.43,22758464,-0.5139572270667969,0.7582850760271279,False,Stable,MSFT,Blue-Chip,2025-02-14,,
408.0,410.597,406.5,409.64,21423051,0.2962563964449272,0.7122306091939988,False,Stable,MSFT,Blue-Chip,2025-02-18,,
407.88,415.49,407.65,414.77,24114197,1.2523191094619746,0.6554194715836219,False,Stable,MSFT,Blue-Chip,2025-02-19,,
415.29,419.31,412.54,416.13,23508728,0.32789256696483804,0.6334465786458283,False,Stable,MSFT,Blue-Chip,2025-02-20,,
417.335,418.048,407.89,408.21,27524799,-1.9032513877874746,1.0035686610250314,False,Stable,MSFT,Blue-Chip,2025-02-21,,
408.51,409.37,399.32,404.0,26443656,-1.031331912496014,1.052035304033877,False,Stable,MSFT,Blue-Chip,2025-02-24,,
401.1,401.915,396.7,397.9,29387402,-1.5099009900990112,1.1281704763502214,False,Stable,MSFT,Blue-Chip,2025-02-25,,
398.01,403.6,394.245,399.73,19618954,0.4599145513948244,1.1765803497693568,False,Stable,MSFT,Blue-Chip,2025-02-26,,
401.265,405.74,392.17,392.53,21127406,-1.8012158206789697,1.2629882405888633,False,Stable,MSFT,Blue-Chip,2025-02-27,,
392.655,397.63,386.57,396.99,32845658,1.1362188877283463,1.2350502834037764,False,Stable,MSFT,Blue-Chip,2025-02-28,,
398.82,398.82,386.155,388.49,23007726,-2.1411118667976514,1.2721012238320233,False,Drop,MSFT,Blue-Chip,2025-03-03,,
383.4,392.58,381.0,388.61,29342923,0.030888825967201328,1.2454069179146592,False,Stable,MSFT,Blue-Chip,2025-03-04,,
389.34,401.67,388.81,401.02,23433132,3.1934330048120074,1.9040747108614298,False,Spike,MSFT,Blue-Chip,2025-03-05,,
394.28,402.15,392.6777,396.89,23304625,-1.0298738217545234,1.8523666042203268,False,Stable,MSFT,Blue-Chip,2025-03-06,,
392.32,394.8,385.54,393.31,22034087,-0.9020131522588071,1.8648347812136832,False,Stable,MSFT,Blue-Chip,2025-03-07,,
385.84,386.4,377.22,380.16,32569768,-3.343418677379162,2.152246245754658,False,Drop,MSFT,Blue-Chip,2025-03-10,,
379.0,386.0,376.91,380.45,30380177,0.07628367003365,2.058392456529887,False,Stable,MSFT,Blue-Chip,2025-03-11,,
382.95,385.2165,378.9507,383.27,24253567,0.7412274937574015,1.982825066011481,False,Stable,MSFT,Blue-Chip,2025-03-12,,
383.155,385.32,377.45,378.77,20473017,-1.1741070263782682,2.013911963334628,False,Stable,MSFT,Blue-Chip,2025-03-13,,
379.775,390.23,379.51,388.56,19952846,2.584681996990268,1.8412203975928314,False,Spike,MSFT,Blue-Chip,2025-03-14,,
386.7,392.705,385.57,388.7,22474272,0.03603047148446059,1.827882138519206,False,Stable,MSFT,Blue-Chip,2025-03-17,,
387.07,387.37,381.1,383.52,19486850,-1.3326472858245397,1.8591651253664891,False,Stable,MSFT,Blue-Chip,2025-03-18,,
385.525,389.68,384.0,387.82,19185532,1.1211931581143197,1.3568805649245677,False,Stable,MSFT,Blue-Chip,2025-03-19,,
385.735,391.785,383.28,386.84,18470542,-0.2526945490175847,1.3712683355150785,False,Stable,MSFT,Blue-Chip,2025-03-20,,
383.215,391.74,382.8,391.26,39675928,1.1425912521972892,1.4034291504017815,False,Stable,MSFT,Blue-Chip,2025-03-21,,
395.4,395.4,389.81,393.08,21004548,0.46516382967847214,1.2434058929704679,False,Stable,MSFT,Blue-Chip,2025-03-24,,
393.915,396.36,392.64,395.16,15774968,0.5291543706115842,0.8643816579959297,False,Stable,MSFT,Blue-Chip,2025-03-25,,
395.0,395.31,388.57,389.97,16132906,-1.3133920437291224,1.049231716988297,False,Stable,MSFT,Blue-Chip,2025-03-26,,
390.13,392.24,387.395,390.58,13766761,0.15642228889400922,0.8548087776872936,False,Stable,MSFT,Blue-Chip,2025-03-27,,
388.08,389.13,376.93,378.8,21632016,-3.016027446361813,1.4120480729420903,False,Drop,MSFT,Blue-Chip,2025-03-28,,
372.535,377.07,367.24,375.39,35184676,-0.9002111932418178,1.4274961634824996,False,Stable,MSFT,Blue-Chip,2025-03-31,,
374.65,382.85,373.23,382.19,19689503,1.811449425930367,1.5652225315291277,False,Stable,MSFT,Blue-Chip,2025-04-01,Microsoft Corporation (MSFT): Among The Best US Stocks To Buy For Foreign Investors,0.4375
374.65,382.85,373.23,382.19,19689503,1.811449425930367,1.5652225315291277,False,Stable,MSFT,Blue-Chip,2025-04-01,OpenAI Finalizes $40 Billion Funding Round,-0.2
374.65,382.85,373.23,382.19,19689503,1.811449425930367,1.5652225315291277,False,Stable,MSFT,Blue-Chip,2025-04-01,OpenAI's Revenue Set to Triple After Jump in Paid ChatGPT Users,0.0
374.65,382.85,373.23,382.19,19689503,1.811449425930367,1.5652225315291277,False,Stable,MSFT,Blue-Chip,2025-04-01,CoreWeave stock surges past IPO price after lackluster start; closes up  42%,-0.25
374.65,382.85,373.23,382.19,19689503,1.811449425930367,1.5652225315291277,False,Stable,MSFT,Blue-Chip,2025-04-01,"Magnificent Seven Stocks: Amazon, Google, Tesla Rally; Nvidia Reverses Higher",0.625
374.65,382.85,373.23,382.19,19689503,1.811449425930367,1.5652225315291277,False,Stable,MSFT,Blue-Chip,2025-04-01,What 'Magnificent 7' stocks need to show to revive the trade,1.0
374.65,382.85,373.23,382.19,19689503,1.811449425930367,1.5652225315291277,False,Stable,MSFT,Blue-Chip,2025-04-01,Analyst Is Generally Bullish on Nvidia (NVDA) But Sees Challenges,0.05000000000000002
374.65,382.85,373.23,382.19,19689503,1.811449425930367,1.5652225315291277,False,Stable,MSFT,Blue-Chip,2025-04-01,"Zacks Investment Ideas feature highlights: Amazon, Meta Platforms, Microsoft, Apple, Alphabet, Tesla and Nvidia",0.0
374.65,382.85,373.23,382.19,19689503,1.811449425930367,1.5652225315291277,False,Stable,MSFT,Blue-Chip,2025-04-01,Is it the Right Time to Invest in Microsoft Stock as Copilot+ Grows?,0.2857142857142857
374.65,382.85,373.23,382.19,19689503,1.811449425930367,1.5652225315291277,False,Stable,MSFT,Blue-Chip,2025-04-01,How OpenAI’s $300 Billion Valuation Creates a Problem for Microsoft,0.0
374.65,382.85,373.23,382.19,19689503,1.811449425930367,1.5652225315291277,False,Stable,MSFT,Blue-Chip,2025-04-01,"Tesla Short Position Now 4th Largest, Trails NVDA, MSFT, AAPL",0.0
374.65,382.85,373.23,382.19,19689503,1.811449425930367,1.5652225315291277,False,Stable,MSFT,Blue-Chip,2025-04-01,Why Microsoft stock is getting a top-pick stamp from this analyst,0.0
374.65,382.85,373.23,382.19,19689503,1.811449425930367,1.5652225315291277,False,Stable,MSFT,Blue-Chip,2025-04-01,This Week In Cloud AI - Enhancing Cloud Tech: The Rise Of Kubernetes Solutions,0.0
374.65,382.85,373.23,382.19,19689503,1.811449425930367,1.5652225315291277,False,Stable,MSFT,Blue-Chip,2025-04-01,"Meet the Hard Asset That's Bigger Than Apple, Nvidia, and Microsoft Combined. One Wall Street Strategist Thinks It Could Hit a $40 Trillion Market Cap.",-0.14583333333333334
374.65,382.85,373.23,382.19,19689503,1.811449425930367,1.5652225315291277,False,Stable,MSFT,Blue-Chip,2025-04-01,Why this tech investor is on a buying strike,0.0
374.65,382.85,373.23,382.19,19689503,1.811449425930367,1.5652225315291277,False,Stable,MSFT,Blue-Chip,2025-04-01,Nasdaq 100’s Worst Quarter in Years Sealed by AI Bubble Fears,-1.0
374.65,382.85,373.23,382.19,19689503,1.811449425930367,1.5652225315291277,False,Stable,MSFT,Blue-Chip,2025-04-01,Reflecting On Automation Software Stocks’ Q4 Earnings: Appian (NASDAQ:APPN),0.0
374.65,382.85,373.23,382.19,19689503,1.811449425930367,1.5652225315291277,False,Stable,MSFT,Blue-Chip,2025-04-01,"The Vanguard S&P 500 ETF Is Sinking, but This Wall Street Analyst Predicts It Will Soar 168% by 2030",0.0
157.67,158.59,156.35,158.35,6547074,,,False,,JNJ,Blue-Chip,2024-11-05,,
159.9,160.85,157.355,157.88,8926601,-0.29681086201452933,,False,Stable,JNJ,Blue-Chip,2024-11-06,,
158.47,158.75,156.51,156.73,7522812,-0.7284013174562953,,False,Stable,JNJ,Blue-Chip,2024-11-07,,
157.0,157.08,155.41,155.47,8926134,-0.8039303260384045,,False,Stable,JNJ,Blue-Chip,2024-11-08,,
155.62,157.58,154.91,155.04,7146759,-0.27658069080852554,,False,Stable,JNJ,Blue-Chip,2024-11-11,,
154.53,155.04,152.37,152.64,7181408,-1.547987616099078,,False,Stable,JNJ,Blue-Chip,2024-11-12,,
152.5,153.51,151.4245,153.24,7162233,0.39308176100629755,,False,Stable,JNJ,Blue-Chip,2024-11-13,,
153.18,153.5918,150.76,151.87,7716385,-0.894022448446885,0.6090491906629886,False,Stable,JNJ,Blue-Chip,2024-11-14,,
150.9,154.43,150.9,154.0,11328515,1.4025153091459686,0.9754692722548616,False,Stable,JNJ,Blue-Chip,2024-11-15,,
152.59,155.33,152.33,154.77,7514177,0.5000000000000115,1.0062186786872345,False,Stable,JNJ,Blue-Chip,2024-11-18,,
153.945,153.99,152.05,153.0,8233678,-1.1436324869160797,1.048878735449407,False,Stable,JNJ,Blue-Chip,2024-11-19,,
153.03,153.25,151.81,153.11,9061274,0.07189542483660993,1.0542125224957122,False,Stable,JNJ,Blue-Chip,2024-11-20,,
153.62,156.06,152.81,155.5,10141056,1.5609692378028672,1.0335853469485348,False,Stable,JNJ,Blue-Chip,2024-11-21,,
155.9,157.115,154.11,155.17,8265961,-0.21221864951769254,1.0468186746715176,False,Stable,JNJ,Blue-Chip,2024-11-22,,
155.17,157.035,155.14,155.78,12256242,0.3931172262679805,0.9328107320933828,False,Stable,JNJ,Blue-Chip,2024-11-25,,
155.16,155.25,153.16,154.52,5683499,-0.8088329695724705,0.897666404954814,False,Stable,JNJ,Blue-Chip,2024-11-26,,
154.63,156.63,154.6,155.4,4140444,0.5695055656225634,0.9038161109364019,False,Stable,JNJ,Blue-Chip,2024-11-27,,
154.89,155.67,154.17,155.01,5687821,-0.2509652509652627,0.7563814986321964,False,Stable,JNJ,Blue-Chip,2024-11-29,,
154.75,155.0,153.9258,154.8,6946494,-0.13547513063671968,0.7657385452629994,False,Stable,JNJ,Blue-Chip,2024-12-02,,
154.8,154.8,152.305,152.36,8674415,-1.5762273901808732,0.7257648577798995,False,Stable,JNJ,Blue-Chip,2024-12-03,,
151.29,151.56,149.75,150.47,10333110,-1.2404830664216382,0.8071910974314446,False,Stable,JNJ,Blue-Chip,2024-12-04,,
150.0,150.38,148.95,149.52,7898098,-0.6313550873928264,0.7200591064403701,False,Stable,JNJ,Blue-Chip,2024-12-05,,
149.39,150.05,148.38,149.31,8389611,-0.1404494382022503,0.7292202534448787,False,Stable,JNJ,Blue-Chip,2024-12-06,,
149.29,150.89,148.44,149.6,8410303,0.19422677650524633,0.6479069472174748,False,Stable,JNJ,Blue-Chip,2024-12-09,,
149.93,150.83,148.33,149.23,9398671,-0.24732620320856435,0.6481790139071034,False,Stable,JNJ,Blue-Chip,2024-12-10,,
148.5,148.5,146.37,146.64,13446656,-1.7355759565770956,0.7552204869505066,False,Stable,JNJ,Blue-Chip,2024-12-11,,
147.2,147.77,146.01,146.24,6176269,-0.27277686852152927,0.6796927925942464,False,Stable,JNJ,Blue-Chip,2024-12-12,,
145.66,146.93,145.04,146.62,8324900,0.25984682713346974,0.6739582572957542,False,Stable,JNJ,Blue-Chip,2024-12-13,,
146.73,147.25,143.52,143.85,8732378,-1.889237484654216,0.8892898407674499,False,Stable,JNJ,Blue-Chip,2024-12-16,,
143.84,146.66,143.71,146.41,10342958,1.7796315606534607,1.2561537955512792,False,Stable,JNJ,Blue-Chip,2024-12-17,,
145.678,146.74,144.67,144.75,9336094,-1.13380233590602,1.27398208635844,False,Stable,JNJ,Blue-Chip,2024-12-18,,
144.14,145.22,143.37,143.58,9516653,-0.8082901554404054,1.2758147650765983,False,Stable,JNJ,Blue-Chip,2024-12-19,,
143.05,145.47,142.75,144.47,17702755,0.6198634907368605,1.2181347462387622,False,Stable,JNJ,Blue-Chip,2024-12-20,,
144.63,145.33,143.45,145.27,8720824,0.5537481830137914,1.250262152950627,False,Stable,JNJ,Blue-Chip,2024-12-23,,
145.0,145.85,144.3325,145.85,3164071,0.3992565567563666,1.2578200072228474,False,Stable,JNJ,Blue-Chip,2024-12-24,,
145.51,146.37,145.09,145.58,4656981,-0.18512170037708886,0.9811556002922729,False,Stable,JNJ,Blue-Chip,2024-12-26,,
144.87,146.6,144.68,145.05,5588306,-0.36406099738974795,0.687438343364463,False,Stable,JNJ,Blue-Chip,2024-12-27,,
144.84,144.88,142.95,143.34,6268692,-1.1789038262668083,0.6985234471660642,False,Stable,JNJ,Blue-Chip,2024-12-30,,
143.76,144.67,143.3098,144.62,5811401,0.8929817217803837,0.7218677424312635,False,Stable,JNJ,Blue-Chip,2024-12-31,,
145.23,145.77,143.78,144.02,6051330,-0.41488037615819984,0.7046996984258094,False,Stable,JNJ,Blue-Chip,2025-01-02,,
144.07,144.575,143.62,144.19,5879816,0.11803916122758995,0.6611625190605311,False,Stable,JNJ,Blue-Chip,2025-01-03,,
143.51,144.815,142.93,143.66,7910493,-0.3675705666134954,0.6263634070164965,False,Stable,JNJ,Blue-Chip,2025-01-06,,
143.755,147.18,143.59,146.23,8422010,1.788946122789925,0.9839626559845291,False,Stable,JNJ,Blue-Chip,2025-01-07,,
145.49,145.59,141.44,142.27,11175552,-2.708062641044917,1.4458599305006845,False,Drop,JNJ,Blue-Chip,2025-01-08,,
141.0,143.67,140.68,142.06,8821541,-0.14760666338652362,1.3888811688411453,False,Stable,JNJ,Blue-Chip,2025-01-10,,
142.98,145.07,142.31,144.47,10376377,1.6964662818527376,1.5140845671922045,False,Stable,JNJ,Blue-Chip,2025-01-13,,
144.5,144.81,142.86,144.75,8681741,0.19381186405482698,1.5040639176657513,False,Stable,JNJ,Blue-Chip,2025-01-14,,
145.31,146.05,144.26,144.97,7434562,0.1519861830742597,1.504254189408012,False,Stable,JNJ,Blue-Chip,2025-01-15,,
144.32,148.07,144.06,147.77,8964016,1.93143408981169,1.6338911912051193,False,Stable,JNJ,Blue-Chip,2025-01-16,,
147.44,148.38,146.61,147.03,10773054,-0.5007782364485402,1.5395258894760924,False,Stable,JNJ,Blue-Chip,2025-01-17,,
147.56,148.86,147.05,148.15,11111747,0.7617493028633682,0.9251692994143974,False,Stable,JNJ,Blue-Chip,2025-01-21,,
144.0,145.47,142.11,145.27,16834747,-1.9439757003037461,1.3247370523967592,False,Stable,JNJ,Blue-Chip,2025-01-22,,
145.44,147.91,144.8144,146.64,10506361,0.9430715219935104,1.221539611177888,False,Stable,JNJ,Blue-Chip,2025-01-23,,
146.805,147.631,146.383,146.82,9887682,0.12274959083469206,1.222084947112072,False,Stable,JNJ,Blue-Chip,2025-01-24,,
148.45,153.45,148.0,152.89,15152314,4.134314126140848,1.9190512002682956,False,Spike,JNJ,Blue-Chip,2025-01-27,,
152.66,152.97,150.3,150.38,10320613,-1.6417031852966169,2.0330525170258733,False,Stable,JNJ,Blue-Chip,2025-01-28,,
150.5,151.88,150.0,151.15,7156421,0.5120361750232894,2.0050757562072694,False,Stable,JNJ,Blue-Chip,2025-01-29,,
151.91,154.14,151.36,152.87,8910983,1.1379424412834904,2.020972015668683,False,Stable,JNJ,Blue-Chip,2025-01-30,,
152.62,153.18,152.055,152.15,8458715,-0.47098842153463494,1.7918775561444025,False,Stable,JNJ,Blue-Chip,2025-01-31,,
152.0,152.465,150.78,151.87,6687487,-0.18402891883010364,1.814457695697966,False,Stable,JNJ,Blue-Chip,2025-02-03,,
151.36,154.18,150.945,153.49,9645289,1.0667017844208981,1.8154580371698048,False,Stable,JNJ,Blue-Chip,2025-02-04,,
153.82,154.73,153.31,154.69,8946957,0.7818098898950909,1.004219267235246,False,Stable,JNJ,Blue-Chip,2025-02-05,,
154.79,154.8402,153.38,153.51,7418468,-0.7628159544896262,0.7665192663289249,False,Stable,JNJ,Blue-Chip,2025-02-06,,
153.53,154.49,152.8,153.12,6204916,-0.2540551104162514,0.7852019183273012,False,Stable,JNJ,Blue-Chip,2025-02-07,,
153.61,154.37,152.29,154.24,6936561,0.7314524555903867,0.7151259555688876,False,Stable,JNJ,Blue-Chip,2025-02-10,,
154.11,156.39,153.94,156.13,7554811,1.2253630705394203,0.7634253617161133,False,Stable,JNJ,Blue-Chip,2025-02-11,,
155.27,155.6599,154.27,155.26,7746014,-0.5572279510664191,0.8196904790923499,False,Stable,JNJ,Blue-Chip,2025-02-12,,
155.26,158.13,154.79,157.25,10705077,1.281720984155621,0.8556316110451104,False,Stable,JNJ,Blue-Chip,2025-02-13,,
157.29,157.47,156.06,156.15,6411840,-0.6995230524642237,0.9121956246961292,False,Stable,JNJ,Blue-Chip,2025-02-14,,
154.14,155.45,153.24,154.99,9670657,-0.7428754402817761,0.9089395547388028,False,Stable,JNJ,Blue-Chip,2025-02-18,,
155.0,158.3,154.75,157.89,7974736,1.8710884573198028,1.0916570123906664,False,Stable,JNJ,Blue-Chip,2025-02-19,,
156.95,159.95,156.95,159.68,7224030,1.1337006776870107,1.1195239922783302,False,Stable,JNJ,Blue-Chip,2025-02-20,,
159.88,163.51,159.28,162.3,12546930,1.640781563126259,1.1739625214194434,False,Stable,JNJ,Blue-Chip,2025-02-21,,
162.68,164.87,162.05,163.74,10201917,0.8872458410351225,1.066675831997788,False,Stable,JNJ,Blue-Chip,2025-02-24,,
164.1,166.43,163.94,166.09,12303697,1.4352021497495926,1.0804966098239746,False,Stable,JNJ,Blue-Chip,2025-02-25,,
165.08,165.13,162.555,163.08,11396410,-1.8122704557769875,1.377176519752204,False,Stable,JNJ,Blue-Chip,2025-02-26,,
162.31,163.95,161.73,163.73,8364573,0.39857738533233267,1.2490925305195173,False,Stable,JNJ,Blue-Chip,2025-02-27,,
164.31,165.94,162.7,165.02,12037415,0.7878824894643754,1.1570475568702643,False,Stable,JNJ,Blue-Chip,2025-02-28,,
164.96,167.33,164.84,167.28,9191464,1.3695309659435217,1.1771209645308744,False,Stable,JNJ,Blue-Chip,2025-03-03,,
168.08,169.99,165.32,165.42,11999962,-1.1119081779053186,1.2568029408495554,False,Stable,JNJ,Blue-Chip,2025-03-04,,
164.51,166.4618,163.53,165.12,8745050,-0.18135654697133408,1.2353502570313781,False,Stable,JNJ,Blue-Chip,2025-03-05,,
165.0,165.87,163.51,165.83,8037888,0.42999031007753263,1.1099280607304878,False,Stable,JNJ,Blue-Chip,2025-03-06,,
165.13,168.46,164.7,166.69,9637593,0.5186033890128394,0.7831290615127889,False,Stable,JNJ,Blue-Chip,2025-03-07,,
167.48,169.9,167.05,167.7,17523663,0.605915171875937,0.7906619123965444,False,Stable,JNJ,Blue-Chip,2025-03-10,,
167.2,167.3,165.05,165.86,9890648,-1.0971973762671339,0.9245710093794663,False,Stable,JNJ,Blue-Chip,2025-03-11,,
163.73,164.21,162.23,162.85,8010692,-1.8147835523935951,0.9646859197158836,False,Stable,JNJ,Blue-Chip,2025-03-12,,
163.43,164.54,162.6601,162.99,5286734,0.08596868283696768,0.918058952118029,False,Stable,JNJ,Blue-Chip,2025-03-13,,
162.12,163.15,161.1,162.81,6235797,-0.1104362230811784,0.9187872531801972,False,Stable,JNJ,Blue-Chip,2025-03-14,,
162.41,163.5,161.73,162.84,6669815,0.018426386585601584,0.8844742576561736,False,Stable,JNJ,Blue-Chip,2025-03-17,,
163.44,164.86,162.965,164.25,7348974,0.8658806190125157,0.942982360052272,False,Stable,JNJ,Blue-Chip,2025-03-18,,
163.97,164.36,162.21,162.99,5936637,-0.7671232876712231,0.8869395221275111,False,Stable,JNJ,Blue-Chip,2025-03-19,,
163.0,163.2,161.925,163.02,7485930,0.0184060371801964,0.840366427297745,False,Stable,JNJ,Blue-Chip,2025-03-20,,
163.0,164.13,162.48,163.63,17047106,0.3741872162924764,0.49410897617261684,False,Stable,JNJ,Blue-Chip,2025-03-21,,
162.84,164.39,162.5,163.29,8046565,-0.20778585833893803,0.5048186138560904,False,Stable,JNJ,Blue-Chip,2025-03-24,,
163.52,164.19,160.555,161.02,7456197,-1.3901647375834325,0.7399881158657428,False,Stable,JNJ,Blue-Chip,2025-03-25,,
161.21,162.49,160.64,161.72,7223773,0.43472860514222056,0.7723143626224479,False,Stable,JNJ,Blue-Chip,2025-03-26,,
162.35,164.065,161.32,163.13,6752466,0.8718773188226558,0.7735614250346734,False,Stable,JNJ,Blue-Chip,2025-03-27,,
163.59,164.52,162.91,163.71,5760545,0.35554465763503185,0.725930467043316,False,Stable,JNJ,Blue-Chip,2025-03-28,,
164.37,166.63,164.23,165.84,12481400,1.3010811801356104,0.8613828279202805,False,Stable,JNJ,Blue-Chip,2025-03-31,,
160.73,161.81,153.13,153.25,23303065,-7.591654606849973,3.077853399325629,False,Drop,JNJ,Blue-Chip,2025-04-01,S&P 500 Gains & Losses Today: Johnson & Johnson Drops as Judge Rejects Liability Settlement,0.0
160.73,161.81,153.13,153.25,23303065,-7.591654606849973,3.077853399325629,False,Drop,JNJ,Blue-Chip,2025-04-01,"Hims & Hers adds Eli Lilly GLP-1 drugs, Johnson & Johnson setback",0.0
160.73,161.81,153.13,153.25,23303065,-7.591654606849973,3.077853399325629,False,Drop,JNJ,Blue-Chip,2025-04-01,Johnson & Johnson Announces Expected Closing Date for Intra-Cellular Acquisition,-0.1
160.73,161.81,153.13,153.25,23303065,-7.591654606849973,3.077853399325629,False,Drop,JNJ,Blue-Chip,2025-04-01,J&J Dives After Judge Tosses Out $10 Billion Talc-Based Bankruptcy Plan,0.0
160.73,161.81,153.13,153.25,23303065,-7.591654606849973,3.077853399325629,False,Drop,JNJ,Blue-Chip,2025-04-01,Equity Markets Mixed Amid Weak Manufacturing Data,-0.1875
160.73,161.81,153.13,153.25,23303065,-7.591654606849973,3.077853399325629,False,Drop,JNJ,Blue-Chip,2025-04-01,"Stocks to Watch Recap: J&J, Xiaomi, PVH, XPeng",0.0
160.73,161.81,153.13,153.25,23303065,-7.591654606849973,3.077853399325629,False,Drop,JNJ,Blue-Chip,2025-04-01,Why Johnson & Johnson Stock Is Sinking Today,0.0
160.73,161.81,153.13,153.25,23303065,-7.591654606849973,3.077853399325629,False,Drop,JNJ,Blue-Chip,2025-04-01,Sector Update: Health Care Stocks Fall Tuesday Afternoon,0.0
160.73,161.81,153.13,153.25,23303065,-7.591654606849973,3.077853399325629,False,Drop,JNJ,Blue-Chip,2025-04-01,Johnson & Johnson's Third Attempt at Talc Bankruptcy Plan Rejected,0.0
160.73,161.81,153.13,153.25,23303065,-7.591654606849973,3.077853399325629,False,Drop,JNJ,Blue-Chip,2025-04-01,"FDA clears Bolt Medical’s IVL system, backing Boston Scientific’s $664m buyout",0.0
160.73,161.81,153.13,153.25,23303065,-7.591654606849973,3.077853399325629,False,Drop,JNJ,Blue-Chip,2025-04-01,J&J Stock Slumps as Company Fails to Settle Talc Cases,-0.5
160.73,161.81,153.13,153.25,23303065,-7.591654606849973,3.077853399325629,False,Drop,JNJ,Blue-Chip,2025-04-01,Johnson & Johnson Stock Falls After Judge Rejects Bankruptcy Strategy,0.0
160.73,161.81,153.13,153.25,23303065,-7.591654606849973,3.077853399325629,False,Drop,JNJ,Blue-Chip,2025-04-01,Why Johnson & Johnson (JNJ) Shares Are Falling Today,0.0
160.73,161.81,153.13,153.25,23303065,-7.591654606849973,3.077853399325629,False,Drop,JNJ,Blue-Chip,2025-04-01,Can Johnson & Johnson (JNJ) Keep the Earnings Surprise Streak Alive?,0.1
160.73,161.81,153.13,153.25,23303065,-7.591654606849973,3.077853399325629,False,Drop,JNJ,Blue-Chip,2025-04-01,Judge rejects J&J’s $9bn talc settlement for third time,0.0
160.73,161.81,153.13,153.25,23303065,-7.591654606849973,3.077853399325629,False,Drop,JNJ,Blue-Chip,2025-04-01,"Reshoring efforts in US FMCG business begins, but cost increases are likely",0.0
160.73,161.81,153.13,153.25,23303065,-7.591654606849973,3.077853399325629,False,Drop,JNJ,Blue-Chip,2025-04-01,Top Midday Stories: Ford US Sales Fall 1.3% Year Over Year in Q1; Judge Denies Johnson & Johnson Unit's Bankruptcy Plan,0.5
160.73,161.81,153.13,153.25,23303065,-7.591654606849973,3.077853399325629,False,Drop,JNJ,Blue-Chip,2025-04-01,"Lucid, Johnson & Johnson, PVH: Market Minute",0.0
160.73,161.81,153.13,153.25,23303065,-7.591654606849973,3.077853399325629,False,Drop,JNJ,Blue-Chip,2025-04-01,Judge rejects Johnson & Johnson's talc settlement,0.0
